candidate_id,source_row,company,part,topic,source_type,title,author,venue,published_date,document_year,url,source_domain,access_hint,language,core_product_flag,keywords,reason
PHA-CAND-0001,2,PHA,도어 힌지,불량원인(변형·강도),논문,[논문]자동차 도어 힌지의 구조해석,,,,2010,https://scienceon.kisti.re.kr/srch/selectPORSrchArticle.do?cn=JAKO201007750329628,scienceon.kisti.re.kr,상세페이지확인,ko,주력,자동차 도어 힌지; 구조해석; 내구성,"도어 힌지 형상의 강도 문제를  구조해석으로 검증해 개선 힌지의 변형·응력 저감을 확인한 논문 으로, PHA 도어 힌지의 변형·강도 불량원인 자료로 활용 가능. 발행: 조재웅·한문식, 한국기계가공학회지, 2010. 접근: 상세페이지확인(ScienceON)."
PHA-CAND-0002,3,PHA,도어 모듈,불량원인(소음·NVH),논문,자동차 도어 모듈의 작동음 특성 파악 및 저감 방안 연구 - 논문,"강연준, 김호용, 전주현, 윤성영, 윤성민, 남석우",한국소음진동공학회 학술대회논문집,2019/10,2019,https://www.dbpia.co.kr/journal/articleDetail?nodeId=NODE09294984,www.dbpia.co.kr,상세페이지확인,ko,주력,자동차 도어 모듈; 작동음; NVH 저감,"도어 모듈의  작동음(NVH) 발생 특성을 파악하고 저감 방안을 제시한 논문 으로, 도어 소음 불량원인 및 개선 자료로 활용 가능. 발행: DBpia 등록 국내학술지. 접근: 상세페이지확인."
PHA-CAND-0003,4,PHA,도어 모듈,소재(플라스틱 모듈화),연구보고서,[보고서]자동차용 도어 모듈의 플라스틱 도어 개발 - ScienceON,,,,,https://scienceon.kisti.re.kr/srch/selectPORSrchReport.do?cn=TRKO201400019449,scienceon.kisti.re.kr,원문접근가능,ko,주력,도어 모듈; 플라스틱 도어; 경량화,"기존 스틸 도어 모듈을  플라스틱 모듈 플레이트로 통합·대체하여 경량화와 원가 절감을 목표한 국가연구개발 연구보고서 로, 도어 모듈 소재 변경 기술자료로 활용 가능. 접근: 상세페이지확인(ScienceON 원문보기)."
PHA-CAND-0004,5,PHA,도어 래치,검사(내구·신뢰성),논문,가속수명시험을 이용한 자동차 도어 래치의 신뢰성 평가 - 논문,,,,,https://www.dbpia.co.kr/journal/articleDetail?nodeId=NODE10555974,www.dbpia.co.kr,상세페이지확인,ko,주력,도어 래치; 가속수명시험; 신뢰성 평가,"도어 래치의 Open/Close·Lock/Unlock 복합 기능을 대상으로  가속수명시험을 통해 신뢰성을 평가한 논문 으로, 래치 내구시험·검사 기준 수립 자료로 활용 가능. 접근: 상세페이지확인."
PHA-CAND-0005,6,PHA,도어 래치,공정(프레스·인서트 사출),논문,자동차 도어래치 터미널 어셈블리의 인서트 금형개발에 관한 ...,"Youn Seung, Jeong",Journal of the Korean Society of Mechanical and Aviation Technology,2019,2019,https://www.kci.go.kr/kciportal/ci/sereArticleSearch/ciSereArtiView.kci?sereArticleSearchBean.artiId=ART002534371,www.kci.go.kr,상세페이지확인,ko,주력,도어 래치; 인서트 금형; 터미널 어셈블리,"도어 래치 터미널 어셈블리의  인서트 금형 개발(프레스 성형+인서트 사출 공정)을 다룬 논문 으로, 래치 제조공정 기술자료로 활용 가능. 발행: KCI 등록 국내학술지. 접근: 상세페이지확인."
PHA-CAND-0006,7,PHA,도어 체커·힌지,불량원인(개폐 이음),논문,승용차 도어의 개폐 이음 저감을 위한 도어체커 개발,,,,2015,https://koreascience.or.kr/article/JAKO201520448049664.pdf,koreascience.or.kr,원문접근가능,ko,주력,도어체커; 개폐 이음; 소음 저감,"도어 개폐 이음(소음)을  힌지 분리형/일체형 도어체커 구조 개선으로 저감한 연구 로, 도어 NVH 불량원인 자료로 활용 가능. 발행: B. An 외, 2015, KoreaScience. 접근: 원문접근가능(PDF)."
PHA-CAND-0007,8,PHA,도어 래치,안전(충돌 시 도어 열림 방지),특허,KR101755828B1 - 도어 열림 방지를 위한 도어 래치 링크구조,,,,,https://patents.google.com/patent/KR101755828B1/ko,patents.google.com,원문접근가능,ko,주력,도어 래치; 링크구조; 측면충돌 안전,"측면 충돌 시 도어 개방으로 인한 탑승자 부상을 경감하기 위한  도어 래치 링크구조 특허(등록번호 KR101755828B1) 로, 래치 안전 설계 자료로 활용 가능. 접근: 원문접근가능."
PHA-CAND-0008,9,PHA,파워 슬라이딩 도어,불량원인(오작동 방지 제어),특허,KR101611250B1 - 파워 슬라이딩 도어의 개폐시스템,,,,,https://patents.google.com/patent/KR101611250B1/ko,patents.google.com,원문접근가능,ko,주력,파워 슬라이딩 도어; 개폐시스템; 모터 제어,"파워 슬라이딩 도어가 특정 상황에서 오작동하지 않도록  모터 동력을 제어하는 개폐시스템 특허(KR101611250B1) 로, 파워 슬라이딩 도어 고장원인 대응 자료로 활용 가능. 접근: 원문접근가능."
PHA-CAND-0009,10,PHA,파워 테일게이트,공정(구조·차량 적용),논문,가스스프링과 모터가 결합된 파워테일게이트의 차량 적용 ...,"김지성, 김건수, 최갑승, 이성운, 박철범, 이세환",대한기계학회 춘추학술대회,2019/11,2021,https://www.dbpia.co.kr/journal/articleDetail?nodeId=NODE09345739,www.dbpia.co.kr,상세페이지확인,ko,주력,파워 테일게이트; 가스스프링; 차량 적용,"가스스프링과 모터가 결합된 파워테일게이트의 차량 적용 기술을 다룬 논문 (한국산학기술학회 논문지, 2021.04)으로, 파워 테일게이트 구조·적용 기술자료로 활용 가능. 접근: 상세페이지확인."
PHA-CAND-0010,11,PHA,도어 힌지,표준(시험방법),표준,자동차 관련 한국산업표준(KS) 변경 정보 안내,,,,,https://www.ksae.org/func/download_journal.php?path=L2hvbWUvdmlydHVhbC9rc2FlL2h0ZG9jcy91cGxvYWQvam91cm5hbC9BYnN0cmFjdF8xNTY1Nzg5MTAxXzMxOTEucGRm&filename=S1NBRUFKXzIwMTUzNzAxXzczLTc0LnBkZg==&bsid=7691,www.ksae.org,확인필요,ko,주력,KS R 1078; 도어 힌지; 시험방법,"자동차용 사이드 도어 힌지 시스템의 공식 시험방법 KS 표준(KS R 1078) 으로, 도어 힌지 검사 기준 자료로 활용 가능. 표준번호는 한국자동차공학회 표준변경 안내 자료에서 확인. 접근: 확인필요(표준 원문은 e나라표준인증에서 별도 확인)."
SANGSIN-CAND-0011,12,상신브레이크,브레이크 패드,소재(마찰재 조성),특허,KR20110028187A - 자동차 브레이크 패드용 마찰재,,,,,https://patents.google.com/patent/KR20110028187A/ko,patents.google.com,원문접근가능,ko,주력,브레이크 패드; 마찰재 조성; 비석면계,"저금속성 마찰재와 비석면계 마찰재의 장점을 결합한 자동차 브레이크 패드용 마찰재 조성 특허(공개번호 KR20110028187A) 로, 마찰재 소재 자료로 활용 가능. 접근: 원문접근가능."
SANGSIN-CAND-0012,13,상신브레이크,브레이크 패드,불량원인(마모),논문,부품의 품질을 고려한 브레이크 마찰재의 마모패턴 해석 - 논문,"김효식, 여은구",한국자동차공학회 춘 추계 학술대회 논문집,2003/11,2003,https://www.dbpia.co.kr/journal/articleDetail?nodeId=NODE00528896,www.dbpia.co.kr,상세페이지확인,ko,주력,마찰재; 마모패턴; 품질,"브레이크 마찰재의  마모패턴을 부품 품질 관점에서 해석한 논문 으로, 패드 마모 불량원인 분석 자료로 활용 가능. 접근: 상세페이지확인."
SANGSIN-CAND-0013,14,상신브레이크,브레이크 패드,소재(Cu-free)·불량원인(마모),논문,구리를 함유하지 않은 친환경 자동차 브레이크 패드의 마모 ...,,,,,https://www.kci.go.kr/kciportal/ci/sereArticleSearch/ciSereArtiView.kci?sereArticleSearchBean.artiId=ART002320245,www.kci.go.kr,상세페이지확인,ko,주력,친환경 브레이크 패드; Cu-free; 마모특성,"구리를 함유하지 않은 친환경 브레이크 패드의 마모특성을 분석한 논문 (한국분말재료학회지 25(1), 김기봉 외)으로, Cu-free 마찰재 소재·마모 자료로 활용 가능. 접근: 상세페이지확인."
SANGSIN-CAND-0014,15,상신브레이크,브레이크 패드,검사(마찰·기계적 특성 평가),논문,[논문]자동차 브레이크 패드의 기계적 특성 연구,,,,,https://scienceon.kisti.re.kr/srch/selectPORSrchArticle.do?cn=JAKO201532853255012,scienceon.kisti.re.kr,상세페이지확인,ko,주력,브레이크 패드; 기계적 특성; 성능평가,"자동차 튜닝 부품 인증 기준 수립을 위해  패드 마찰재의 마찰 특성 및 기계적 특성을 측정한 논문 으로, 패드 성능평가·검사 자료로 활용 가능. 접근: 상세페이지확인(ScienceON)."
SANGSIN-CAND-0015,16,상신브레이크,디스크 브레이크 패드,불량원인(편마모),논문,디스크 브레이크의 편마모 저감을 위한 브레이크 패드의 ...,,,,2012,https://www.kci.go.kr/kciportal/ci/sereArticleSearch/ciSereArtiView.kci?sereArticleSearchBean.artiId=ART001607836,www.kci.go.kr,상세페이지확인,ko,주력,편마모; 마찰재 형상; 강건설계,"패드 마찰재 형상의 강건설계로 디스크 편마모를 저감한 논문 (박진택·최낙삼, 한국자동차공학회 논문집 20(1), 2012)으로, 편마모 불량원인 자료로 활용 가능. 접근: 상세페이지확인."
SANGSIN-CAND-0016,17,상신브레이크,브레이크 마찰재,소재(고망간강)·불량원인(마모·Fade),논문,[논문]자동차용 브레이크 마찰재에서 고망간강의 마찰 및 마모특성,,,,,https://scienceon.kisti.re.kr/srch/selectPORSrchArticle.do?cn=JAKO202014655594384,scienceon.kisti.re.kr,상세페이지확인,ko,주력,고망간강; 마찰 마모특성; Fade,"고망간강 첨가가 마찰재의 마찰·마모·Fade 특성에 미치는 영향을 분석한 논문 으로, Cu-free 마찰재 소재 개발 자료로 활용 가능. 접근: 상세페이지확인(ScienceON)."
SANGSIN-CAND-0017,18,상신브레이크,디스크 브레이크 패드,공정(성형 제조·자동화),특허,KR100799252B1 - 자동차 디스크 브레이크용 패드 제조방법,,,,,https://patents.google.com/patent/KR100799252B1/ko,patents.google.com,원문접근가능,ko,주력,브레이크 패드; 제조방법; 성형 자동화,"브레이크 패드 성형 제조 시  품질 향상과 전 공정 자동화를 실현하는 디스크 브레이크용 패드 제조방법 특허(KR100799252B1) 로, 패드 제조공정 자료로 활용 가능. 접근: 원문접근가능."
SANGSIN-CAND-0018,19,상신브레이크,브레이크 패드,설비(마찰재 성형장치),특허,[특허]자동차용 브레이크패드의 마찰재 성형장치 - ScienceON,,,,,https://scienceon.kisti.re.kr/srch/selectPORSrchPatent.do?cn=KOR1020160154832,scienceon.kisti.re.kr,상세페이지확인,ko,주력,마찰재 성형장치; 성형 설비; 브레이크패드,"마찰재의  계량→공급→성형 일련의 공정을 구체화한 브레이크패드 마찰재 성형장치 특허 로, 패드 성형 설비 자료로 활용 가능. 접근: 상세페이지확인(ScienceON 특허)."
SANGSIN-CAND-0019,20,상신브레이크,브레이크 패드,소재(Cu-Free 복합재),논문,친환경 법규 대응을 위한 복합재 브레이크의 Cu Free 마찰재 ...,,,,,https://www.kci.go.kr/kciportal/ci/sereArticleSearch/ciSereArtiView.kci?sereArticleSearchBean.artiId=ART002853388,www.kci.go.kr,상세페이지확인,ko,주력,Cu-Free 마찰재; 친환경 법규; Fade 특성,"친환경 법규 대응을 위한 Cu-Free 마찰재의 Fade·마모 특성을 다룬 논문 (KCI 등록)으로, 마찰재 소재 자료로 활용 가능. 접근: 상세페이지확인."
SANGSIN-CAND-0020,21,상신브레이크,브레이크 마찰재,표준(물성 시험방법),표준,◉국가기술표준원고시 제2025-428호 한국산업표준 개정 예고,,,2025-10-29,2025,https://www.kats.go.kr/cwsboard/board.do?mode=download&bid=126&cid=25718&filename=25718_202510291445594901.pdf,www.kats.go.kr,원문접근가능,ko,주력,KS R 0080; 마찰재 물성; 시험방법,"자동차용 브레이크 마찰재의 물성 시험방법 공식 KS 표준(KS R 0080) 의 2025년 개정 예고 고시(국가기술표준원)로, 마찰재 검사 기준 자료로 활용 가능. 접근: 원문접근가능(고시 PDF), 표준 본문은 KATS에서 확인 필요."
SL-CAND-0021,22,SL,헤드램프,공정(경량화 사출성형)·불량원인(변형),논문,자동차 헤드램프 부품의 경량화 사출 성형기술 및 변형 저감 ...,,,,2019,https://www.kci.go.kr/kciportal/landing/article.kci?arti_id=ART002480051,www.kci.go.kr,상세페이지확인,ko,주력,헤드램프; 사출성형; 변형 저감,"헤드램프 부품의  발포성형 등 경량화 사출성형 공법과 변형 저감 기술을 다룬 논문 (한국금형공학회, Design & Manufacturing 13(2), 2019)으로, 램프 사출공정 자료로 활용 가능. 접근: 상세페이지확인."
SL-CAND-0022,23,SL,헤드램프(렌즈),불량원인(Haze),논문,RISS 검색 - 국내학술지논문 상세보기,,,,,https://m.riss.kr/search/detail/DetailView.do?p_mat_type=1a0202e37d52c72d&control_no=8e1d98f07b0b47c1c85d2949c297615a,m.riss.kr,상세페이지확인,ko,주력,헤드램프; Haze 저감; 플라스틱 소재,"헤드램프  플라스틱 소재의 Haze(흐림) 불량 저감 방법을 다룬 논문 (이승욱, RISS 등록 국내학술지)으로, 램프 렌즈 불량원인 자료로 활용 가능. 접근: 상세페이지확인."
SL-CAND-0023,24,SL,헤드램프(렌즈),소재(플라스틱 비구면 렌즈),연구보고서,[보고서]LED 자동차 헤드라이트용 플라스틱 비구면 렌즈 개발,,,,,https://scienceon.kisti.re.kr/srch/selectPORSrchReport.do?cn=TRKO201200006336,scienceon.kisti.re.kr,상세페이지확인,ko,주력,LED 헤드램프; 비구면 렌즈; 플라스틱,"LED 자동차 헤드라이트용 플라스틱 비구면 렌즈 개발 연구보고서 (ScienceON 등록 국가연구개발사업 보고서)로, 램프 렌즈 소재·광학 설계 자료로 활용 가능. 접근: 상세페이지확인."
SL-CAND-0024,25,SL,헤드램프,불량원인(결로·습기),특허,[특허]자동차 헤드램프의 습기 제거 장치 - ScienceON - kisti,,,,,https://scienceon.kisti.re.kr/srch/selectPORSrchPatent.do?cn=KOR2019920026284,scienceon.kisti.re.kr,상세페이지확인,ko,주력,헤드램프; 결로 방지; 습기 제거,"헤드램프 내부  습기를 효율적으로 제거해 렌즈·반사경의 결로를 방지하는 습기 제거 장치 특허 로, 램프 결로 불량원인 자료로 활용 가능. 접근: 상세페이지확인(ScienceON 특허)."
SL-CAND-0025,26,SL,헤드램프 하우징,검사(기밀·리크 시험),특허,KR101307103B1 - 자동차용 헤드램프하우징 리크시험방법,,,,,https://patents.google.com/patent/KR101307103B1/ko,patents.google.com,원문접근가능,ko,주력,헤드램프 하우징; 리크시험; 기밀,"헤드램프 하우징의 기밀(리크) 시험방법 특허(KR101307103B1) 로, 램프 방수·기밀 검사 자료로 활용 가능. 접근: 원문접근가능."
SL-CAND-0026,27,SL,헤드램프,불량원인(결로)·공정(벤트홀 설계),논문,자동차 헤드램프 습기제거를 위한 벤트 홀 구조 설계,,,,,https://www.ksae.org/func/download_journal.php?path=L2hvbWUvdmlydHVhbC9rc2FlL2h0ZG9jcy91cGxvYWQvam91cm5hbC9BYnN0cmFjdF8xNTY1ODM2NzYwXzc1MjgucGRm&filename=S1NBRUZDU18yMDEzMTEyMF8xMTAzLTExMDQucGRm&bsid=30339,www.ksae.org,원문접근가능,ko,주력,헤드램프; 벤트 홀; 결로 방지,"램프 내부 수분이 온도 변화 시  결로가 되지 않도록 벤트 홀 구조를 설계한 논문 (한국자동차공학회 학술대회)으로, 램프 결로 대응 기술자료로 활용 가능. 접근: 원문접근가능(PDF)."
SL-CAND-0027,28,SL,헤드램프 하우징,공정(사출)·소재(수지),논문,A Study on the Deformation Characteristics of Injection- ...,,,,,https://koreascience.kr/article/JAKO202621854119798.image,koreascience.kr,상세페이지확인,ko,주력,헤드램프 하우징; 사출 변형; 수지,"헤드램프 하우징 사출 부품의 수지 종류에 따른 변형 특성을 분석한 논문 (한국금형공학회 계열 학술지)으로, 램프 사출공정·변형 불량 자료로 활용 가능. 접근: 상세페이지확인(KoreaScience)."
SL-CAND-0028,29,SL,LED DRL 램프,불량원인(황변)·검사(가속 수명시험),논문,LED DRL의 황변 현상 가속 수명 시험 연구,"최경덕, 안현민, 정동혁, 박세준",한국자동차공학회 춘계학술대회,2024/6,2024,https://www.dbpia.co.kr/Journal/articleDetail?nodeId=NODE11901327,www.dbpia.co.kr,상세페이지확인,ko,주력,LED DRL; 황변; 가속 수명시험,"LED DRL 램프의  황변 현상을 가속 수명 시험으로 평가한 논문 (한국자동차공학회 추계학술대회, 2022.11)으로, 램프 황변 불량원인·검사 자료로 활용 가능. 접근: 상세페이지확인."
SL-CAND-0029,30,SL,리어 콤비네이션 램프,표준(시험방법),표준,국가표준 상세 | e나라 표준인증,,,,,https://www.standard.go.kr/KSCI/standardIntro/getStandardSearchView.do?menuId=919&topMenuId=502&upperMenuId=503&ksNo=KSI4028&tmprKsNo=KSI4028&reformNo=,www.standard.go.kr,상세페이지확인,ko,주력,KS I 4028; 콤비네이션 램프; 시험방법,"승용 자동차용 재제조 콤비네이션 램프의 공식 시험방법 KS 표준(KS I 4028) 으로, 리어 콤비네이션 램프 검사 기준 자료로 활용 가능. e나라표준인증 표준 상세 페이지(고시원문 연결). 접근: 상세페이지확인."
PHA-CAND-0030,31,PHA,도어 힌지,소재(강판→CFRP·알루미늄),논문,차량용 도어 힌지의 경량화를 위한 재질별 수명 예측,"유기현, 김홍건",Journal of the korean society of manufacturing technology engineers,2013-08-01,2013,http://www.dbpia.co.kr/Journal/ArticleDetail/NODE02225803?q=%5B%EC%9C%A0%EA%B8%B0%ED%98%84%C2%A7coldb%C2%A72%C2%A751%C2%A73%5D&Multimedia=0&SearchAll=%EC%9C%A0%EA%B8%B0%ED%98%84&isFullText=0&specificParam=0&SearchMethod=0&Sort=1&SortType=desc,www.dbpia.co.kr,상세페이지확인,ko,주력,도어 힌지; 경량화; 피로수명 예측,"차량용 도어 힌지를  강판에서 CFRP·알루미늄 합금(AA6061)으로 대체할 때의 피로수명을 유한요소해석으로 예측한 논문 (유기현·김홍건, 한국생산제조기술학회지, 2013)으로, 힌지 소재 경량화 기술자료로 활용 가능. 접근: 상세페이지확인(DBpia)."
PHA-CAND-0031,32,PHA,도어 웨더스트립,불량원인(변형)·소재(고무),논문,자동차 도어 웨더스트립의 유한오소 모델링 및 해석,,,,2004,https://koreascience.kr/article/CFKO200411923061996.pdf,koreascience.kr,원문접근가능,ko,비주력,웨더스트립; 유한요소 해석; 기밀,"도어 웨더스트립(고무 씰 부품)의  대변형 거동을 유한요소해석으로 모델링·해석한 논문 으로, 웨더스트립 변형·기밀 불량원인 자료로 활용 가능. 2004년 자료이나 웨더스트립 해석의 기반 기술문헌에 해당. 접근: 원문접근가능(PDF)."
PHA-CAND-0032,33,PHA,도어 웨더스트립,소재(강선 심재),논문,[논문]자동차 웨더스트립 심재 경량화를 위한 강선(Steel Wire ...,,,,2013,https://scienceon.kisti.re.kr/srch/selectPORSrchArticle.do?cn=JAKO201326940562371,scienceon.kisti.re.kr,상세페이지확인,ko,비주력,웨더스트립; 심재 경량화; 강선,"웨더스트립 심재를  강선(Steel Wire)으로 대체해 경량화한 연구(최보성, 2013) 로, 웨더스트립 소재·경량화 기술자료로 활용 가능. 접근: 상세페이지확인(ScienceON)."
PHA-CAND-0033,34,PHA,윈도우 레귤레이터,불량원인(인장 파단),논문,자동차 윈도우 레귤레이터 와이어에 미치는 인장력 연구 - 논문,,,,,https://www.dbpia.co.kr/journal/articleDetail?nodeId=NODE01291855,www.dbpia.co.kr,상세페이지확인,ko,준주력,윈도우 레귤레이터; 와이어 인장력; 고장원인,"도어 윈도우 레귤레이터  와이어의 인장력 특성을 분석한 논문 으로, 레귤레이터 와이어 파단·고장원인 자료로 활용 가능. 접근: 상세페이지확인."
PHA-CAND-0034,35,PHA,윈도우 레귤레이터·도어글라스,불량원인(체결부 풀림 방지),특허,자동차의 도어글라스와 윈도우 레귤레이터의 마운팅구조,,,,,https://patents.google.com/patent/KR20100001763A/ko,patents.google.com,원문접근가능,ko,준주력,도어글라스; 레귤레이터; 마운팅 구조,"도어글라스와 레귤레이터  체결부의 풀림을 방지하는 마운팅 구조 특허(KR20100001763A) 로, 도어 모듈 조립 불량 대응 자료로 활용 가능. 접근: 원문접근가능."
PHA-CAND-0035,36,PHA,도어 스트라이커,공정(조립 공차 조정),특허,KR100448065B1 - 자동차의 도어 스트라이커,,,,,https://patents.google.com/patent/KR100448065B1/ko,patents.google.com,원문접근가능,ko,주력,도어 스트라이커; 조립 공차; 래치,"기어 조정으로 스트라이커의 조립 공차를 손쉽게 조정할 수 있는 도어 스트라이커 특허(KR100448065B1) 로, 래치-스트라이커 조립 공정 자료로 활용 가능. 접근: 원문접근가능."
PHA-CAND-0036,37,PHA,도어 래치,불량원인(구속·해제 메커니즘),특허,차량용 도어 래치 장치 | 특허,,,,,https://k-knowledge.kr/srch/read.jsp?id=273597034,k-knowledge.kr,상세페이지확인,ko,주력,도어 래치; 스트라이커 구속; 래치부,"도어 스트라이커를  구속 또는 해제하는 래치부 구조를 구체화한 차량용 도어 래치 장치 특허 (출원인: 현대자동차·기아·피에이치에이)로, 래치 작동 메커니즘·고장원인 자료로 활용 가능. 접근: 상세페이지확인."
PHA-CAND-0037,38,PHA,도어 래치,안전(스트라이커 잠금),특허,자동차용 도어 래치 어셈블리 - Googleapis.com,,,,2016,https://patentimages.storage.googleapis.com/pdfs/573ca5d6f7df16b16918/1020140147141.pdf,patentimages.storage.googleapis.com,원문접근가능,ko,주력,도어 래치; 어셈블리; 포올레버,"도어 닫힘 시  스트라이커 잠금을 위한 포올레버 구속 구조를 갖춘 자동차용 도어 래치 어셈블리 특허(공개특허 10-2016-0049686) 로, 래치 안전·작동 신뢰성 자료로 활용 가능. 접근: 원문접근가능(PDF)."
PHA-CAND-0038,39,PHA,도어 모듈,불량원인(BSR 이음),논문,차량 도어의 이음(Buzz. Squeak & Rattle Noise)에 대한 시험적 고찰,"Ji Hoon Kim, 이원구, 김병훈, 장익근, 지성호",한국자동차공학회 춘 추계 학술대회 논문집,2006-06-01,2006,https://www.dbpia.co.kr/journal/articleDetail?nodeId=NODE00742400,www.dbpia.co.kr,상세페이지확인,ko,주력,도어 모듈; BSR 소음; 가진기 시험,"단일 부품 가진기( sine sweep)를 활용해  차량 도어 모듈의 BSR(이음) 소음을 평가하고 구조 대책으로 개선을 확인한 논문 (2006)으로, 도어 이음 불량원인 자료로 활용 가능. 접근: 상세페이지확인."
PHA-CAND-0039,40,PHA,도어 체커,검사(개폐력 해석),논문,하이브리드 도어 체커 개폐력 해석,,,,2012,https://koreascience.kr/article/JAKO201213151421784.page?&lang=ko,koreascience.kr,상세페이지확인,ko,주력,도어 체커; 개폐력; 해석,"하이브리드 도어 체커의 개폐력을 해석한 논문 (강성종·김동환, 2012)으로, 도어 체커 개폐력 검사·품질 기준 수립 자료로 활용 가능. 접근: 상세페이지확인(KoreaScience)."
PHA-CAND-0040,41,PHA,도어 힌지·래치(프레스 성형),안전(프레스 방호장치),가이드,프레스 방호장치의 선정·설치 및 사용 기술지침,,,,,https://eshc.kr/bbs/board.php?bo_table=bbs01&wr_id=10746,eshc.kr,원문접근가능,ko,주력,프레스 방호장치; KOSHA; 설비 안전,"도어 힌지·래치 등 부품의  프레스 성형 공정 안전을 위한 방호장치 선정·설치·사용 기술지침(한국산업안전보건공단 KOSHA CODE) 으로, 프레스 설비 안전 자료로 활용 가능. 접근: 상세페이지확인(첨부 PDF), 공단 원문은 KOSHA 기술지침 검색에서 확인 필요."
SANGSIN-CAND-0041,42,상신브레이크,브레이크 마찰재,소재(강화섬유),논문,자동차용 마찰재에 사용되는 아라미드 섬유와 티탄산칼륨 ...,,,,,https://www.dbpia.co.kr/journal/articleDetail?nodeId=NODE00325103,www.dbpia.co.kr,상세페이지확인,ko,주력,아라미드 펄프; 티탄산칼륨; 마찰재,"아라미드 펄프와 티탄산칼륨 휘스커가 마찰 안정성·마모 저항에 미치는 상승효과를 규명한 논문 으로, 마찰재 강화섬유 소재의 핵심 기술문헌에 해당. 접근: 상세페이지확인."
SANGSIN-CAND-0042,43,상신브레이크,브레이크 패드,소재(강화섬유)·검사(신뢰성 평가),논문,아라미드 섬유와 아크릴 섬유를 함유하는 브레이크 패드의 ...,,,,,https://scienceon.kisti.re.kr/srch/selectPORSrchArticle.do?cn=DIKO0011550723,scienceon.kisti.re.kr,상세페이지확인,ko,주력,아라미드 섬유; 아크릴 섬유; 마찰계수,"아라미드·아크릴 섬유를 함유한 마찰재의 강화섬유 신뢰성 평가와 마찰계수 특성을 규명한 논문 으로, 마찰재 강화섬유 소재·평가 자료로 활용 가능. 접근: 상세페이지확인(ScienceON)."
SANGSIN-CAND-0043,44,상신브레이크,브레이크 패드(백플레이트),공정(백플레이트 용접·결합),특허,차량용 브레이크 패드 - KR101231049B1,,,,,https://patents.google.com/patent/KR101231049B1/ko,patents.google.com,원문접근가능,ko,준주력,백플레이트; 용접 결합; 브레이크 패드,"철망·철판을 백플레이트에 용접 부착하는 등 마찰재-백플레이트 결합 기술을 구체화한 차량용 브레이크 패드 특허(KR101231049B1) 로, 패드 제조공정(용접·결합) 자료로 활용 가능. 접근: 원문접근가능."
SANGSIN-CAND-0044,45,상신브레이크,브레이크 패드(백플레이트),소재(강제 백플레이트)·공정(접착),특허,KR20120135087A - 디스크 브레이크 패드용 백 플레이트 및 ...,,,,,https://patents.google.com/patent/KR20120135087A/ko,patents.google.com,원문접근가능,ko,준주력,백 플레이트; 강제; 마찰재 접착,"디스크 브레이크 패드용 강제(鋼製) 백 플레이트 및 마찰재 접착 패드에 관한 특허 로, 백플레이트 소재·접착 공정 자료로 활용 가능. 접근: 원문접근가능."
SANGSIN-CAND-0045,46,상신브레이크,브레이크 패드,소재(마찰재 조성물),특허,KR20100072548A - 브레이크 패드용 마찰재 조성물,,,,,https://patents.google.com/patent/KR20100072548A/ko,patents.google.com,원문접근가능,ko,주력,마찰재 조성물; 강화섬유; 마찰계수,"결합제 함량을 줄이고 강화섬유·연삭제를 증가시켜 마찰계수를 높인 브레이크 패드용 마찰재 조성물 특허 로, 마찰재 조성 설계 자료로 활용 가능. 접근: 원문접근가능."
SANGSIN-CAND-0046,47,상신브레이크,브레이크 패드(제동력 평가),설비(제동력 평가 다이나모미터)·검사,논문,[논문]차량용 브레이크 제동력 평가 다이나모미터 개발,,,,2019,https://scienceon.kisti.re.kr/srch/selectPORSrchArticle.do?cn=JAKO201917550767628,scienceon.kisti.re.kr,상세페이지확인,ko,주력,제동력 평가; 다이나모미터; 시험 설비,"차량용 브레이크 제동력 평가 다이나모미터를 개발하고 이론식과 비교해 신뢰성을 검증한 논문 (2019)으로, 제동성능 시험 설비·검사 자료로 활용 가능. 접근: 상세페이지확인(ScienceON)."
SANGSIN-CAND-0047,48,상신브레이크,브레이크 라이닝·패드,표준(제품 표준),표준,국가표준 상세 | e나라 표준인증,,,,,https://standard.go.kr/KSCI/standardIntro/getStandardSearchView.do?pageIndex=1&pageUnit=10&ksNo=KSR4024&tmprKsNo=KSR4024&reformNo=19&menuId=919&topMenuId=502&upperMenuId=503,standard.go.kr,상세페이지확인,ko,주력,KS R 4024; 브레이크 라이닝; 패드,"자동차용 브레이크 라이닝 및 패드의 공식 KS 제품표준(KS R 4024) 으로, e나라표준인증 상세 페이지(고시원문·기계가독 원문 연결)에서 확인 가능. 접근: 상세페이지확인."
SANGSIN-CAND-0048,49,상신브레이크,브레이크 라이닝·패드,표준(부식 고착시험),표준,자동차 관련 한국산업표준(KS) 변경 정보 안내,,,,,https://www.ksae.org/func/download_journal.php?path=L2hvbWUvdmlydHVhbC9rc2FlL2h0ZG9jcy91cGxvYWQvam91cm5hbC9BYnN0cmFjdF8xNTY1Nzg5MTU2Xzg0NjQucGRm&filename=S1NBRUFKXzIwMTQzNjAyXzY2LnBkZg==&bsid=7889,www.ksae.org,확인필요,ko,주력,KS R 1089; 부식 고착시험; 브레이크 패드,"브레이크 라이닝·디스크 브레이크 패드의 부식 고착시험 방법 KS 표준(KS R 1089) 으로, 패드 부식·고착 불량 검사 기준 자료로 활용 가능. 표준번호는 한국자동차공학회 표준변경 안내 자료에서 확인. 접근: 확인필요(표준 원문은 e나라표준인증에서 별도 확인)."
SL-CAND-0049,50,SL,리어램프(반사판),공정(사출)·불량원인(변형),논문,자동차 리어램프 반사판의 사출공정에 따른 변형 패턴 분석,,,,2010,https://www.kci.go.kr/kciportal/landing/article.kci?arti_id=ART001471990,www.kci.go.kr,상세페이지확인,ko,주력,리어램프; 반사판; 사출 변형,"리어램프 반사판의 사출공정 조건에 따른 변형 패턴을 분석한 논문 (2010)으로, 램프 사출 변형 불량원인 자료로 활용 가능. 접근: 상세페이지확인(KCI)."
SL-CAND-0050,51,SL,자동차 램프(사출금형),공정(금형 냉각회로 설계)·설비,논문,자동차 램프 사출금형 냉각회로 설계지원 시스템 개발 - 논문,,,,2009,https://www.dbpia.co.kr/journal/articleDetail?nodeId=NODE01776737,www.dbpia.co.kr,상세페이지확인,ko,주력,사출금형; 냉각회로; 설계지원 시스템,"램프 사출금형의 냉각회로 설계를 지원하는 시스템을 개발한 논문 (이병옥 외, 2009)으로, 램프 금형 공정 설계 자료로 활용 가능. 접근: 상세페이지확인."
SL-CAND-0051,52,SL,사이드미러(하우징),공정(성형 금형),논문,[논문]자동차용 사이드미러 하우징 성형용 금형 개발에 관한 연구,,,,,https://scienceon.kisti.re.kr/srch/selectPORSrchArticle.do?cn=DIKO0011919611,scienceon.kisti.re.kr,상세페이지확인,ko,주력,사이드미러; 하우징; 성형 금형,"사이드미러 하우징 성형용 금형 개발 실험과 결과를 다룬 논문 으로, 미러 하우징 사출·성형 공정 자료로 활용 가능. 접근: 상세페이지확인(ScienceON)."
SL-CAND-0052,53,SL,사이드미러,공정(일체 사출)·소재(반사 코팅),특허,KR101382978B1 - 자동차용 아웃사이드 미러 조립체,,,,,https://patents.google.com/patent/KR101382978B1/ko,patents.google.com,원문접근가능,ko,주력,아웃사이드 미러; 일체 사출; 반사 코팅,"블라인드존 미러와 아웃사이드 미러를 플라스틱으로 일체 사출 성형하고 표면에 반사물질을 코팅한 조립체 특허(KR101382978B1) 로, 미러 제조공정(사출·코팅) 자료로 활용 가능. 접근: 원문접근가능."
SL-CAND-0053,54,SL,사이드미러(폴딩),불량원인(폴딩 오작동 방지),특허,WO2017014358A1 - 차량용 사이드미러 자동폴딩장치,,,,,https://patents.google.com/patent/WO2017014358A1/ko,patents.google.com,원문접근가능,ko,주력,자동폴딩; 사이드미러; 구동모터,"주행 상황을 고려해 사이드미러를 양방향 회전시키는 차량용 자동폴딩장치 특허 로, 미러 폴딩 기능의 고장원인·구동 제어 대응 자료로 활용 가능. 접근: 원문접근가능."
SL-CAND-0054,55,SL,헤드램프(렌즈),소재(코팅제)·불량원인(내후성),특허,KR101465027B1 - 자동차 헤드램프 렌즈용 코팅제 조성물,,,,,https://patents.google.com/patent/KR101465027B1/ko,patents.google.com,원문접근가능,ko,주력,렌즈 코팅; 내후성; 하이브리드 코팅제,"헤드램프 렌즈의 자외선 경화 코팅층에 첨가해 고경도·내마모·내후성을 강화하는 유기-무기 하이브리드 코팅제 조성물 특허 로, 렌즈 코팅 소재 자료로 활용 가능. 접근: 원문접근가능."
SL-CAND-0055,56,SL,헤드램프(LED),불량원인(열 방출),특허,KR100756714B1 - 차량의 led 헤드램프 방열구조,,,,,https://patents.google.com/patent/KR100756714B1/ko,patents.google.com,원문접근가능,ko,주력,LED 헤드램프; 방열구조; 발광효율,"LED 온도 상승에 따른 발광효율 저하를 방지하는 차량의 LED 헤드램프 방열구조 특허 로, LED 램프 열적 불량원인 자료로 활용 가능. 접근: 원문접근가능."
SL-CAND-0056,57,SL,헤드램프(LED),검사(방열 성능 실험),논문,자동차용 LED headlamp 방열시스템 최적화를 위한 실험적 ...,,,,,https://www.dbpia.co.kr/journal/articleDetail?nodeId=NODE02365461,www.dbpia.co.kr,상세페이지확인,ko,주력,LED 헤드램프; 방열시스템; 성능 실험,"LED 헤드램프 방열시스템의 방열 성능을 실험적으로 최적화한 논문 으로, 램프 방열 설계·성능검증 자료로 활용 가능. 접근: 상세페이지확인."
SL-CAND-0057,58,SL,사이드미러,안전(사각지대 해소),논문,사각지대 해소를 위한 자동차 사이드 미러의 설계에 관한 연구,,,,,https://www.dbpia.co.kr/journal/articleDetail?nodeId=NODE01182539,www.dbpia.co.kr,상세페이지확인,ko,주력,사이드미러; 사각지대; 설계,"사각지대 해소를 위한 자동차 사이드미러 설계에 관한 연구 논문 으로, 미러의 안전 기능·설계 기준 자료로 활용 가능. 접근: 상세페이지확인."
SL-CAND-0058,59,SL,변속레버(시프트 레버),불량원인(오조작 방지 구조),특허,KR101407332B1 - 차량의 자동변속기 시프트 레버 장치,,,,,https://patents.google.com/patent/KR101407332B1/ko,patents.google.com,원문접근가능,ko,비주력,시프트 레버; 자동변속기; 변속레버,"시프트 레버의 이동 방향을 2개 채널로 제한해 구조를 단순화한 자동변속기 시프트 레버 장치 특허(KR101407332B1) 로, 변속레버 구조·오조작 방지 자료로 활용 가능. 접근: 원문접근가능."
SL-CAND-0059,60,SL,램프 하우징·렌즈(사출공정),안전(사출성형기 안전작업),가이드,사출성형기의 안전작업에 관한 기술지침 2020. 12. 한국산업 ...,,,,2020,https://musa-lab.com/superboard/lib/download.php?wm_table=policy&wm_bid=569&wm_num=0,musa-lab.com,원문접근가능,ko,주력,사출성형기; 안전작업; KOSHA GUIDE,"램프 하우징·렌즈 사출 성형 공정의 설비 안전을 위한 사출성형기 안전작업 기술지침(한국산업안전보건공단, 2020.12) 으로, 금형 교체·안전장치 확인 등 작업안전 자료로 활용 가능. 접근: 원문접근가능(PDF), 공단 원문은 KOSHA 기술지침 검색에서 확인 필요."
PHA-CAND-0060,61,PHA,도어 모듈(모듈 플레이트),불량원인(진동·공진),논문,자동차용 모듈화 도어의 동특성 분석에 관한 연구,"배철용, 김찬중, 권성진, 이봉현, 장운성, 이준우",Transactions of the Korean Society for Noise and Vibration Engineering,2007-11-01,2007,http://www.dbpia.co.kr/Journal/ArticleDetail/NODE02404123?q=%5Bproduct%20sound%C2%A7coldb%C2%A72%C2%A751%C2%A73%5D&Multimedia=0&isFullText=0&specificParam=0&SearchMethod=0,www.dbpia.co.kr,상세페이지확인,ko,주력,도어 모듈; 동특성; 공진 회피,"윈도우 레귤레이터 모터 가진에 의한  도어 모듈 플레이트의 공진을 회피하는 설계 개선 프로세스를 모달해석·진동계측으로 제시한 논문 (배철용 외, 2007)으로, 도어 모듈 진동·소음 불량원인 자료로 활용 가능. 접근: 상세페이지확인(DBpia)."
PHA-CAND-0061,62,PHA,자동차 도어(차체 용접),공정(용접),논문,자동차 산업에서 용접기술의 응용 - 논문,,,,,https://www.dbpia.co.kr/journal/articleDetail?nodeId=NODE00417994,www.dbpia.co.kr,상세페이지확인,ko,비주력,자동차 용접기술; 차체 용접; 도어 조립,"자동차 산업(차체·도어 등)에 적용되는 용접기술의 종류와 적용 사례를 정리한 논문 (오연근·박현성)으로, 도어 용접 공정 기술자료로 활용 가능. 접근: 상세페이지확인(DBpia)."
PHA-CAND-0062,63,PHA,파워 슬라이딩 도어,불량원인(오작동 방지 제어),특허,KR20070060908A - 파워슬라이딩도어 제어방법,,,,,https://patents.google.com/patent/KR20070060908A/ko,patents.google.com,원문접근가능,ko,주력,파워슬라이딩도어; 제어방법; 차일드록,"차일드록 기능과 슬라이딩도어 상태를 고려해 핸들 조작에 따라 도어 개폐를 자동 제어하는 방법 특허(KR20070060908A) 로, 파워 슬라이딩 도어 오작동 방지 자료로 활용 가능. 접근: 원문접근가능."
PHA-CAND-0063,64,PHA,도어 잠금장치,불량원인(잠금·해제 메커니즘),특허,KR100226976B1 - 자동차의 도어잠금 및 풀림장치,,,,,https://patents.google.com/patent/KR100226976B1/ko,patents.google.com,원문접근가능,ko,주력,도어잠금장치; 속도 감지; 자동 잠금,"주행 속도 감지센서 신호에 따라 도어를 자동으로 잠그거나 푸는 도어잠금·풀림장치 특허(KR100226976B1) 로, 도어 잠금장치(래치 전장 시스템) 구조 자료로 활용 가능. 접근: 원문접근가능."
PHA-CAND-0064,65,PHA,도어 모듈,검사(BSR 성능 예측·FRF),논문,차량 도어의 주파수 응답 함수 측정을 통한 BSR 성능 예측,"우성근, 고한석, 김진호",한국자동차공학회 추계학술대회 및 전시회,2010-11-01,2010,http://www.dbpia.co.kr/Article/NODE01825567,www.dbpia.co.kr,상세페이지확인,ko,주력,BSR; 주파수 응답 함수; 도어 모듈,"도어 모듈의  주파수 응답 함수(FRF) 측정으로 BSR 성능을 예측하는 방법을 제안한 논문 (우성근·고한석·김진호, 2010)으로, 도어 이음 품질 검사 자료로 활용 가능. 접근: 상세페이지확인(DBpia)."
PHA-CAND-0065,66,PHA,도어 모듈(내장 부품),불량원인(BSR 이음),논문,"자동차 내장 부품의 이음(Buzz, Squeak & Rattle Noise)에 대한 시험적 고찰","이원구, Ji Hoon Kim, Jae Young Choi, 조진호",대한기계학회 춘추학술대회,2006-06-01,2006,http://m.dbpia.co.kr/Journal/ArticleDetail/NODE01551949,m.dbpia.co.kr,상세페이지확인,ko,주력,내장 부품; BSR; 모달시험,"모달시험과 가진기 시험으로  도어·시트 모듈의 BSR 이음 발생원인을 분석하고 구조 대책으로 개선을 확인한 논문 (이원구 외, 2006)으로, 도어 내장 부품 이음 불량원인 자료로 활용 가능. 접근: 상세페이지확인."
PHA-CAND-0066,67,PHA,도어 모듈(모듈 플레이트),불량원인(진동·소음),논문,A Study on the Dynamic Characteristics of Door Module Plate,Chul-Yong Bae,Transactions of the Korean Society for Noise and Vibration Engineering,2007-09-20,2007,http://koreascience.or.kr/journal/view.jsp?kj=SOJDCM&py=2007&vnc=v17n9&sp=853,koreascience.or.kr,상세페이지확인,ko,주력,모듈 플레이트; 진동 특성; 플라스틱·스틸 비교,"도어 모듈 플레이트(플라스틱 vs 스틸)의 진동·소음 특성을 획득·평가하는 프로세스를 개발한 논문 (배철용, 2007)으로, 도어 모듈 진동 불량원인 자료로 활용 가능. 접근: 상세페이지확인(KoreaScience)."
PHA-CAND-0067,68,PHA,도어 힌지·스트라이커(부식 시험),검사(복합 환경 부식 시험)·설비,특허,KR20080010491A - 차량의 복합 환경 부식 시험 장치,,,,,https://patents.google.com/patent/KR20080010491A/ko,patents.google.com,원문접근가능,ko,주력,염수분무시험; 복합 환경 부식; 시험 장치,"염수분무에 온도 변화 조건을 추가한 복합 환경 부식 시험 장치 특허(KR20080010491A) 로, 도어 힌지·스트라이커 등 부품의 내식성 평가 설비·검사 자료로 활용 가능. 접근: 원문접근가능."
PHA-CAND-0068,69,PHA,도어 글라스·웨더스트립(조립),검사(비전검사)·설비(조립 자동화),논문,자동차 글라스 조립 자동화설비를 위한 프라이머 도포검사 ...,,,,,https://jsstec.org/xml/36311/36311.pdf,jsstec.org,원문접근가능,ko,비주력,프라이머 도포검사; 비전검사; 조립 자동화설비,"자동차 의장부품(글라스·웨더스트립) 조립 자동화설비의  프라이머 도포 상태를 LED 조명+2D 카메라 비전검사로 판정하는 알고리즘을 개발한 논문 으로, 도어 조립 라인 검사 설비 자료로 활용 가능. 접근: 원문접근가능(PDF)."
PHA-CAND-0069,70,PHA,자동차 부품 제조공정,안전(위험성평가),논문,위험성평가사례: 자동차 부품 제조 공정,,,,2011,https://koreascience.kr/article/JAKO201159462011626.pub,koreascience.kr,상세페이지확인,ko,비주력,위험성평가; 자동차 부품 제조; 안전관리,"자동차 부품 제조 공정의 위험성평가 사례를 다룬 학회지 논문 (2011)으로, 대상 부품 제조공정의 안전관리·사고예방 자료로 활용 가능. 접근: 상세페이지확인(KoreaScience)."
PHA-CAND-0070,71,PHA,자동차 부품 제조(설비·작업),안전(안전보건관리체계),가이드,자동차 신품 부품 제조업(C. 303) 안전보건관리체계 구축 ...,,,2022-10-27,2022,https://www.moel.go.kr/policy/policydata/view.do?bbs_seq=20221001011,www.moel.go.kr,원문접근가능,ko,비주력,안전보건관리체계; 자동차 부품 제조업; 고용노동부,"50인 미만 자동차 신품 부품 제조업(C.303) 기업용 안전보건관리체계 구축 가이드 (고용노동부, 2022, 공개 PDF)로, 부품 제조 설비·작업 안전 자료로 활용 가능. 접근: 상세페이지확인(첨부 PDF)."
SANGSIN-CAND-0071,72,상신브레이크,브레이크 마찰재,공정(소결)·소재,특허,브레이크용의 소결 마찰재 및 그 제조 방법,,,,,https://patents.google.com/patent/KR20130088312A/ko,patents.google.com,원문접근가능,ko,주력,소결 마찰재; 제조방법; 금속 결합상,"금속 결합상에 경질 입자를 분산시킨 브레이크용 소결 마찰재 및 그 제조방법 특허(KR20130088312A) 로, 소결 마찰재 소재·제조공정 자료로 활용 가능. 접근: 원문접근가능."
SANGSIN-CAND-0072,73,상신브레이크,브레이크 마찰재(디스크 제동계),소재(소결금속 조성물)·공정,특허,소결금속 마찰재 조성물을 사용한 브레이크 디스크 제조방법 ...,,,,,https://patents.google.com/patent/KR20120115030A/ko,patents.google.com,원문접근가능,ko,주력,소결금속 마찰재; 조성물; 제조방법,"소결금속 마찰재 조성물을 사용한 자동차 제동장치용 브레이크 디스크 제조방법 특허 로, 소결 마찰재 조성·제조공정 자료로 활용 가능. 접근: 원문접근가능."
SANGSIN-CAND-0073,74,상신브레이크,브레이크 패드·디스크(제동계),공정(열처리)·불량원인(쥬더),특허,KR20030068243A - 자동차용 브레이크 디스크의 열처리 방법,,,,,https://patents.google.com/patent/KR20030068243A/ko,patents.google.com,원문접근가능,ko,준주력,브레이크 디스크; 열처리; 브레이크 쥬더,"마찰재와 디스크의 비평형 접촉으로 인한 브레이크 쥬더(제동 토오크 변화)를 열처리로 개선하는 브레이크 디스크 열처리 방법 특허 로, 제동계 진동·쥬더 불량원인 자료로 활용 가능. 접근: 원문접근가능."
SANGSIN-CAND-0074,75,상신브레이크,브레이크 마찰재,소재(그라핀)·공정(제조방법),특허,자동차용 브레이크 마찰재 및 그 제조 방법,,,,,https://patents.google.com/patent/KR20100091750A/ko,patents.google.com,원문접근가능,ko,주력,그라핀; 마찰재 조성; 마모 수명,"그라핀을 마찰재 성분으로 도입해 마모 수명과 마찰계수를 향상시킨 자동차용 브레이크 마찰재 및 제조방법 특허 로, 신소재 마찰재 조성 자료로 활용 가능. 접근: 원문접근가능."
SANGSIN-CAND-0075,76,상신브레이크,브레이크 마찰재,소재(조성물)·공정(제조방법),특허,KR20140116107A - 마찰재 및 그의 제조 방법,,,,,https://patents.google.com/patent/KR20140116107A/ko,patents.google.com,원문접근가능,ko,주력,마찰재 조성물; 고무 결합재; 제조방법,"섬유·마찰 조정재·결합재·상온 고형 미가교 고무를 포함하는 마찰재 조성물과 그 제조방법 특허 로, 마찰재 배합·성형 공정 자료로 활용 가능. 접근: 원문접근가능."
SANGSIN-CAND-0076,77,상신브레이크,디스크 브레이크 패드,검사(수명 예측),논문,[논문]디스크 브레이크 패드 수명 예측에 관한 연구 - ScienceON,,,,2002,https://scienceon.kisti.re.kr/srch/selectPORSrchArticle.do?cn=JAKO200211921029061,scienceon.kisti.re.kr,상세페이지확인,ko,주력,패드 수명 예측; 마모; 내구 평가,"디스크 브레이크 패드의 수명 예측에 관한 연구 논문 (여태인 외, 2002)으로, 패드 마모 수명 예측·내구 평가의 기반 기술문헌에 해당. 접근: 상세페이지확인(ScienceON)."
SANGSIN-CAND-0077,78,상신브레이크,브레이크 마찰재,검사(마찰계수·환경시험),논문,외부환경에 따른 마찰재의 마찰계수 변화 특성에 대한 연구,,,,2015,https://www.kci.go.kr/kciportal/ci/sereArticleSearch/ciSereArtiView.kci?sereArticleSearchBean.artiId=ART002042586,www.kci.go.kr,상세페이지확인,ko,주력,마찰계수; 외부환경; 환경시험,"외부 환경(습도·온도 등)에 따른 마찰재의 마찰계수 변화 특성을 평가한 논문 (이길형·이동규, 한국자동차공학회 논문집, 2015)으로, 마찰계수 검사·환경시험 자료로 활용 가능. 접근: 상세페이지확인(KCI)."
SANGSIN-CAND-0078,79,상신브레이크,브레이크 마찰재,소재(배합 성분)·불량원인(Fade),논문,The Roles of Ingredients in Fade Resistance of Brake ...,,,,1994,https://www.dbpia.co.kr/journal/articleDetail?nodeId=NODE01158824,www.dbpia.co.kr,상세페이지확인,ko,주력,Fade 저항; 배합 성분; 마찰재,"마찰재 배합 성분이 Fade(제동력 저하) 저항에 미치는 영향을 규명한 논문 (정동윤 외, 1994)으로, 마찰재 배합 설계·Fade 불량원인의 고전 기술문헌에 해당. 접근: 상세페이지확인."
SL-CAND-0079,80,SL,자동차 램프,검사(기밀 시험)·설비,특허,KR101606748B1 - 차량용 램프의 기밀 시험 장치 및 방법,,,,,https://patents.google.com/patent/KR101606748B1/ko,patents.google.com,원문접근가능,ko,주력,램프 기밀시험; 시험 장치; 방수,"차량용 램프의 제조 공정을 간소화하면서 기밀 시험을 용이하게 수행하는 기밀 시험 장치 및 방법 특허(KR101606748B1) 로, 램프 방수·기밀 검사 설비 자료로 활용 가능. 접근: 원문접근가능."
SL-CAND-0080,81,SL,리어램프(LED),불량원인(구조·전장 구성),특허,KR20050123342A - 자동차용 리어 램프의 구조,,,,,https://patents.google.com/patent/KR20050123342A/ko,patents.google.com,원문접근가능,ko,주력,리어램프; LED 램프 유닛; 드라이브 모듈,"LED 램프 유닛·드라이브 모듈·PCB로 구성되는 자동차용 리어 램프 구조 특허 로, LED 리어램프 구조·전장 구성 자료로 활용 가능. 접근: 원문접근가능."
SL-CAND-0081,82,SL,리어램프(LED),소재(LED)·공정(광학 설계),논문,CY LED 기술을 활용한 자동차 리어램프의 혁신적 디자인과 ...,,,,2024,https://www.ksae.org/func/download_journal.php?path=L2hvbWUvdmlydHVhbC9rc2FlL2h0ZG9jcy91cGxvYWQvam91cm5hbC8yMDI0MDcxODIzMzYxMS4xNS40LjgucGRm&filename=MjRTS1NBRV9EMDA2LnBkZg==&bsid=53715,www.ksae.org,원문접근가능,ko,주력,CY LED; 리어램프; 광학 설계,"CY LED 기술(파장 제어 LED)을 활용한 자동차 리어램프의 디자인·구현 기술을 다룬 학술대회 논문 (한국자동차공학회, 2024)으로, LED 리어램프 광학·설계 자료로 활용 가능. 접근: 원문접근가능(PDF)."
SL-CAND-0082,83,SL,리어램프(LED),공정(광학부·구동회로 개발),연구보고서,[보고서]자동차용 LED기반의 3D 리어램프 개발 - ScienceON,,,,,https://scienceon.kisti.re.kr/srch/selectPORSrchReport.do?cn=TRKO201900017028,scienceon.kisti.re.kr,원문접근가능,ko,주력,3D 리어램프; LED 광학부; 구동회로,"렌즈·리플렉터 광학부와 LED 개별 제어 구동회로를 포함한 자동차용 LED 기반 3D 리어램프 개발 연구보고서 (ScienceON 등록)로, 리어램프 광학·구동 기술 자료로 활용 가능. 접근: 상세페이지확인(ScienceON 원문보기)."
SL-CAND-0083,84,SL,자동차 램프,검사(성능평가·배광 시뮬레이션),논문,[특집 / 자동차 조명] 시뮬레이션 기반 자동차 램프 성능평가 연구 ...,,,,,https://www.auric.or.kr/user/Rdoc/DocCmag.aspx?returnVal=CMAG&dn=243433,www.auric.or.kr,상세페이지확인,ko,주력,램프 성능평가; 배광; 시뮬레이션,"시뮬레이션 기반 자동차 램프 성능평가(배광 등) 연구 동향을 정리한 학회지 논문 (이찬수, 한국조명전기설비학회, 조명·전기설비 Vol.36)으로, 램프 배광 성능평가·검사 자료로 활용 가능. 접근: 상세페이지확인(AURIC)."
SL-CAND-0084,85,SL,램프 렌즈(안개등·방향지시등),공정(하드코팅·진공증착),제조사자료,하드코팅 - (주)금성G&C,,,,,http://www.ksgncho.co.kr/kr/facility/facility_03.htm,www.ksgncho.co.kr,상세페이지확인,ko,주력,하드코팅; 진공증착; 렌즈 보호,"램프 렌즈의 사출·진공증착·하드코팅 공정 기술을 설명하는 제조사 기술자료 (금성G&C)로, 렌즈 하드코팅 공정 자료로 활용 가능. 접근: 상세페이지확인."
SL-CAND-0085,86,SL,헤드램프(리플렉터),소재(BMC),제조사자료,BMC Bulk Molding Compound,,,,,http://www.kangnamkpi.com/kor/page/product/bmc01.do,www.kangnamkpi.com,상세페이지확인,ko,주력,BMC; 리플렉터; 사출성형 소재,"헤드램프·포그램프 리플렉터용 BMC(Bulk Molding Compound) 소재의 특성(사출성형·UV 코팅·알루미늄 진공증착)을 설명하는 제조사 기술자료 로, 램프 리플렉터 소재 자료로 활용 가능. 접근: 상세페이지확인."
SL-CAND-0086,87,SL,사이드미러,안전(사각지대 해소),논문,RISS 검색 - 국내학술지논문 상세보기,,,,,https://m.riss.kr/search/detail/DetailView.do?p_mat_type=1a0202e37d52c72d&control_no=2b5298c24acd96d44884a65323211ff0,m.riss.kr,상세페이지확인,ko,주력,사이드미러; 사각지대; 기술 현황,"사각지대 해소 관련 자동차 사이드미러 기술 현황을 정리한 논문 (이호철·김도현, 한국자동차공학회)으로, 미러 안전 기술 자료로 활용 가능. 접근: 상세페이지확인(RISS)."
SL-CAND-0087,88,SL,사이드미러,검사(반사 이미지 비교),논문,자동차 사이드 미러의 반사 이미지 비교 연구 - 논문,,,,,https://www.dbpia.co.kr/journal/articleDetail?nodeId=NODE02510099,www.dbpia.co.kr,상세페이지확인,ko,주력,사이드미러; 반사 이미지; 성능 비교,"자동차 사이드미러의 반사 이미지를 비교 분석한 논문 (김규만 외)으로, 미러 반사 성능 검사·품질 기준 자료로 활용 가능. 접근: 상세페이지확인."
SL-CAND-0088,89,SL,변속레버(기어 시프트 레버),불량원인(구조 단순화·변속감),특허,수동변속기용 기어 시프트 레버 - KR100326665B1,,,,,https://patents.google.com/patent/KR100326665B1/ko,patents.google.com,원문접근가능,ko,비주력,기어 시프트 레버; 수동변속기; 일체형,"레버와 시프트 레버를 일체형으로 구성해 변속감을 향상시키고 부품수를 줄인 수동변속기용 기어 시프트 레버 특허(KR100326665B1) 로, 변속레버 구조 자료로 활용 가능. 접근: 원문접근가능."
SL-CAND-0089,90,SL,리어 콤비네이션 램프,표준(품질인증기준),표준,승용자동차용 재제조 콤비네이션 램프 품질인증기준,,,2018-04-09,2018,https://www.law.go.kr/LSW/flDownload.do?flSeq=164052991,www.law.go.kr,원문접근가능,ko,주력,품질인증기준; 콤비네이션 램프; 기술기준,"승용자동차용 재제조 콤비네이션 램프의 품질·성능평가 방법을 규정한 공식 기술기준 (국가법령정보센터, 2018.04.09, KS I 4028 연계)으로, 리어 콤비네이션 램프 검사 기준 자료로 활용 가능. 접근: 원문접근가능(원문 파일)."
SL-CAND-0090,91,SL,자동차 램프(LED 모듈),표준(단체표준·진동시험),표준,자동차 튜닝용 LED 모듈 램프,,,2021-06-07,2021,http://katiagroup.or.kr/file/%EC%9E%90%EB%8F%99%EC%B0%A8%ED%8A%9C%EB%8B%9D%EC%9A%A9LED%EB%AA%A8%EB%93%88%EB%9E%A8%ED%94%84(SPS-C_KATIA_001-7425).pdf,katiagroup.or.kr,원문접근가능,ko,주력,단체표준; LED 모듈 램프; 진동시험,"자동차 튜닝용 LED 모듈 램프에 대한 단체표준(SPS-C_KATIA_001) 으로, KS R 1034(부품 진동시험) 등 관련 시험방법을 인용해 램프 진동·성능 검사 기준 자료로 활용 가능. 접근: 원문접근가능(PDF)."
SANGSIN-CAND-0091,92,상신브레이크,브레이크 마찰재,검사(다이나모미터 시험·평가),연구보고서,승용차용 마찰재의 브레이크 다이나모미터 시험 및 평가 기술 ...,,,,2004,https://scienceon.kisti.re.kr/srch/selectPORSrchReport.do?cn=TRKO201200004110,scienceon.kisti.re.kr,원문접근가능,ko,주력,브레이크 다이나모미터; 마찰재 시험; 평가 기술,"승용차용 마찰재의 브레이크 다이나모미터 시험 및 평가 기술지원 최종보고서 (산업자원부, 2004)로, 마찰재 다이나모 시험·평가 기준 수립의 기반 기술자료로 활용 가능. 접근: 상세페이지확인(ScienceON 원문보기)."
SANGSIN-CAND-0092,93,상신브레이크,브레이크 패드,불량원인(스퀼 소음·마모),논문,브레이크 스퀼 해석에서 패드 마모의 영향에 관한 연구,,,,2008,https://koreascience.kr/article/JAKO200832450195498.pdf,koreascience.kr,원문접근가능,ko,주력,브레이크 스퀼; 패드 마모; 유한요소 해석,"패드 마모 진행 전후 모델을 유한요소 해석에 접목해 브레이크 스퀼에 미치는 영향을 분석한 논문 (HG Lee, 2008)으로, 패드 마모·스퀼 소음 불량원인 자료로 활용 가능. 접근: 원문접근가능(PDF)."
SANGSIN-CAND-0093,94,상신브레이크,브레이크 패드(상용차),설비(다이나모 시험기)·검사,논문,상용차 브레이크 다이나모 시험기 개발,,,,,https://www.dbpia.co.kr/journal/articleDetail?nodeId=NODE00537940,www.dbpia.co.kr,상세페이지확인,ko,주력,상용차; 브레이크 다이나모; 시험기 개발,"상용차용 브레이크 다이나모 시험기를 개발한 논문 으로, 제동성능 시험 설비·검사 자료로 활용 가능. 접근: 상세페이지확인(DBpia)."
SANGSIN-CAND-0094,95,상신브레이크,브레이크 패드,검사(고속 페이드 시험),논문,브레이크 다이나모미터를 활용한 KIC(Korea International ...,,,,2021,https://www.kci.go.kr/kciportal/ci/sereArticleSearch/ciSereArtiView.kci?sereArticleSearchBean.artiId=ART002682021,www.kci.go.kr,상세페이지확인,ko,주력,서킷 주행 시험; 고속 페이드; 다이나모미터,"브레이크 다이나모미터로 국내 F1 서킷 주행과 동일 수준의 고속 페이드 시험 모드를 제시한 논문 (유덕현·이필구, 한국자동차공학회 논문집 29(2), 2021)으로, 패드 고속 페이드 평가 자료로 활용 가능. 접근: 상세페이지확인(KCI)."
SANGSIN-CAND-0095,96,상신브레이크,브레이크 패드,검사(서킷 주행 시험 모드),논문,브레이크 다이나모미터를 이용한 서킷 주행 시험 모드 개발,,,,2017,https://www.dbpia.co.kr/Journal/articleDetail?nodeId=NODE07405551,www.dbpia.co.kr,상세페이지확인,ko,주력,서킷 주행; 시험 모드; 자동차부품연구원,"브레이크 다이나모미터를 이용한 서킷 주행 시험 모드를 개발한 논문 (정성필·박형배, 자동차부품연구원, 2017)으로, 제동시험 모드 설계 자료로 활용 가능. 접근: 상세페이지확인."
SANGSIN-CAND-0096,97,상신브레이크,브레이크 마찰재,소재(비석면·저소음),특허,KR100644262B1 - 비석면 마찰재,,,,,https://patents.google.com/patent/KR100644262B1/ko,patents.google.com,원문접근가능,ko,주력,비석면 마찰재; 저소음; 친환경,"안티몬계 화합물·유화물을 사용하지 않으면서 제동 성능이 우수한 저소음 친환경 비석면 마찰재 특허(KR100644262B1) 로, 저소음 마찰재 소재 자료로 활용 가능. 접근: 원문접근가능."
SANGSIN-CAND-0097,98,상신브레이크,브레이크 마찰재,소재(비석면 조성물),특허,(19) 대한민국특허청(KR) (12) 등록특허공보(B1),,,,,https://patentimages.storage.googleapis.com/ee/58/b0/bbbc0f7ca9a15d/KR101318515B1.pdf,patentimages.storage.googleapis.com,원문접근가능,ko,주력,비석면 조성물; 마찰 부재; 등록특허,"비석면 마찰재 조성물 및 이를 이용한 마찰재·마찰 부재에 관한 등록특허(10-1318515) 로, 비석면 마찰재 조성 소재 자료로 활용 가능. 접근: 원문접근가능(등록특허공보 PDF)."
SANGSIN-CAND-0098,99,상신브레이크,브레이크 마찰재,불량원인(소음·진동 저감)·소재,특허,원료 배열 제어를 통해 소음 및 진동을 저감시킨 브레이크용 ...,,,,,https://tlo.korea.ac.kr/zh/patent/75387,tlo.korea.ac.kr,상세페이지확인,ko,주력,원료 배열 제어; 소음 진동 저감; 마찰재,"원료 배열 제어로 소음·진동을 저감시킨 브레이크용 마찰재 및 그 제조방법 특허 (고려대학교 산학협력단, 출원번호 1020190171335)로, 마찰재 소음 저감 설계 자료로 활용 가능. 접근: 상세페이지확인(고려대 기술이전 플랫폼)."
SANGSIN-CAND-0099,100,상신브레이크,브레이크 패드,설비(마찰재 분말 공급장치),특허,[특허]브레이크 패드용 마찰재 제조시스템의 마찰재분말 공급장치,,,,,https://scienceon.kisti.re.kr/srch/selectPORSrchPatent.do?cn=KOR1020060081580,scienceon.kisti.re.kr,상세페이지확인,ko,주력,마찰재 분말; 공급장치; 제조시스템,"브레이크 패드용 마찰재 제조시스템의 마찰재 분말 공급장치(하부·중간·상부 몰드 구성) 특허 로, 패드 제조 설비 자료로 활용 가능. 접근: 상세페이지확인(ScienceON 특허)."
SANGSIN-CAND-0100,101,상신브레이크,브레이크 라이닝·슈,공정(마찰재 제조 방법),특허,KR20130033297A - 마찰재의 제조 방법,,,,,https://patents.google.com/patent/KR20130033297A/ko,patents.google.com,원문접근가능,ko,주력,드럼 브레이크; 브레이크슈; 마찰재 제조,"승용차·트럭의 드럼 브레이크 패드·브레이크슈용 마찰재 제조 방법 특허(KR20130033297A) 로, 드럼 브레이크 라이닝류 제조공정 자료로 활용 가능. 접근: 원문접근가능."
SANGSIN-CAND-0101,102,상신브레이크,자동차 부품 결함(리콜),불량원인(결함·리콜 데이터),데이터셋,한국교통안전공단_자동차결함 리콜현황,,,,,https://www.data.go.kr/data/3048950/fileData.do,www.data.go.kr,상세페이지확인,ko,비주력,자동차결함 리콜현황; 공공데이터포털; 결함 데이터,"한국교통안전공단의 자동차결함 리콜현황 공공데이터셋 설명 문서 (공공데이터포털)로, 부품별 결함·리콜 정보를 제공해 제동계 등 대상 부품의 불량원인 분석에 활용 가능. 접근: 상세페이지확인(데이터 설명·활용가이드)."
PHA-CAND-0102,103,PHA,도어 트림,공정(트림 성형),특허,KR100706424B1 - 자동차용 도어트림의 성형장치 및 성형방법,,,,,https://patents.google.com/patent/KR100706424B1/ko,patents.google.com,원문접근가능,ko,비주력,도어트림; 성형장치; 표피재,"금형 캐비티 내 표피재를 성형하는 자동차용 도어트림의 성형장치 및 성형방법 특허(KR100706424B1) 로, 도어 트림 성형 공정 자료로 활용 가능. 접근: 원문접근가능."
PHA-CAND-0103,104,PHA,자동차 도어(도장 공정),공정(도장)·설비(도어 스테이),논문,강도 향상을 위한 차량 도장용 도어 스테이의 구조 설계,,,,,https://www.dbpia.co.kr/journal/articleDetail?nodeId=NODE10502852,www.dbpia.co.kr,상세페이지확인,ko,비주력,도어 스테이; 도장 공정; 구조 설계,"차량 도장 시 도어 열림을 방지하는 도어 스테이의 강도 향상 구조 설계를 다룬 논문 으로, 도어 도장 공정·공정 설비 자료로 활용 가능. 접근: 상세페이지확인(DBpia)."
PHA-CAND-0104,105,PHA,도어 모듈(진동내구),검사(6축 진동내구 시험),논문,자동차부품(시트도어) 6축 진동 재현을 위한 가진 ...,,,,2005,https://koreascience.or.kr/article/CFKO200529734144703.pdf,koreascience.or.kr,원문접근가능,ko,주력,6축 진동; 도어 시트; 진동내구 시험,"그랜저 XG 도어·시트를 대상으로 6축 진동 재현 가진 시스템을 구축해 진동내구 시험을 수행한 논문 (2005)으로, 도어 모듈 진동내구 검사 자료로 활용 가능. 접근: 원문접근가능(PDF)."
PHA-CAND-0105,106,PHA,도어 개폐 장치,불량원인(개폐 메커니즘),특허,자동차의 도어 개폐 장치 - KR100881575B1,,,,,https://patents.google.com/patent/KR100881575B1/ko,patents.google.com,원문접근가능,ko,주력,도어 개폐 장치; 자동 개폐; 스위칭,"사용자 스위칭 조작으로 도어를 자동 개폐하는 자동차 도어 개폐 장치 특허(KR100881575B1) 로, 도어 개폐 시스템 구조 자료로 활용 가능. 접근: 원문접근가능."
PHA-CAND-0106,107,PHA,도어 래치(잠금 구조),불량원인(잠금·해제 메커니즘),특허,KR100812459B1 - 자동차 도어의 잠금 및 잠금 해제구조,,,,,https://patents.google.com/patent/KR100812459B1/ko,patents.google.com,원문접근가능,ko,주력,도어 잠금; 래치 스토퍼; 완전 잠금,"키 조작 시 래치 회전 단속으로 도어의 완전한 잠금이 이루어지는 도어 잠금·잠금 해제구조 특허(KR100812459B1) 로, 래치 잠금 메커니즘 자료로 활용 가능. 접근: 원문접근가능."
PHA-CAND-0107,108,PHA,도어(소프트 클로징),안전(끼임 사고 방지),특허,KR20250117896A - 범용 차량용 소프트 도어 클로징 시스템,,,,2025,https://patents.google.com/patent/KR20250117896A/ko,patents.google.com,원문접근가능,ko,주력,소프트 클로징; 끼임 사고; 도어 안전,"소프트 클로징 기능의 도어 끼임 사고를 방지하는 범용 차량용 소프트 도어 클로징 시스템 특허(공개번호 KR20250117896A, 2025) 로, 도어 안전 설계 자료로 활용 가능. 접근: 원문접근가능."
PHA-CAND-0108,109,PHA,도어 래치,불량원인(래칭 메커니즘),특허,"자동차 잠금 장치, 특히 자동차 도어 잠금 장치 | 특허",,,,,https://k-knowledge.kr/srch/read.jsp?id=274421395,k-knowledge.kr,상세페이지확인,ko,주력,도어 잠금 장치; 회전 래치; 폴,"회전 래치와 폴의 맞물림 영역에 래칭 요소를 장착한 자동차 도어 잠금 장치 특허 로, 래치 핵심 메커니즘(래치·폴 맞물림) 자료로 활용 가능. 접근: 상세페이지확인(통합기술플랫폼)."
PHA-CAND-0109,110,PHA,도어 개폐 장치(전자식),불량원인(전동 개폐 메커니즘),특허,[특허]자동차용 전자식 도어 개폐장치,,,,,https://scienceon.kisti.re.kr/srch/selectPORSrchPatent.do?cn=KOR1019970005621,scienceon.kisti.re.kr,상세페이지확인,ko,주력,전자식 도어; 전동 개폐; 도어 스위치,"도어 내외측 스위치 조작에 연동해 전동식으로 도어를 개폐하는 자동차용 전자식 도어 개폐장치 특허 로, 전동 도어 시스템 구조 자료로 활용 가능. 접근: 상세페이지확인(ScienceON 특허)."
PHA-CAND-0110,111,PHA,도어(웨더스트립·끼임 감지),안전(끼임 감지),특허,공개특허 10-2025-0132253,,,,2025,https://static.rndcircle.io/patent/public-full-text/1767241682552_anonymous_826e29ff-dc7e-4572-ad7b-2cdf49bfeb38_1020240029172.pdf,static.rndcircle.io,원문접근가능,ko,준주력,끼임 감지; 웨더스트립; 도어 안전,"아우터·인너 웨더스트립 내부에 설치되는 차량 도어의 끼임 감지 장치 특허(공개특허 10-2025-0132253) 로, 도어 끼임(안전) 및 웨더스트립 응용 자료로 활용 가능. 접근: 원문접근가능(공개특허공보 PDF)."
PHA-CAND-0111,112,PHA,도어 액추에이터,불량원인(액추에이터 구조),특허,(19) 대한민국특허청(KR) (12) 등록특허공보(B1),,,,,https://patentimages.storage.googleapis.com/a1/9b/61/e8628b878413c8/KR102808145B1.pdf,patentimages.storage.googleapis.com,원문접근가능,ko,주력,도어 액추에이터; 레버 스위치; 완전 닫힘,"도어를 완전히 닫을 수 있는 레버 스위치 방식의 자동차 도어용 액추에이터 장치 등록특허(KR102808145B1) 로, 도어 액추에이터 구조 자료로 활용 가능. 접근: 원문접근가능(등록특허공보 PDF)."
PHA-CAND-0112,113,PHA,도어 개폐 장치(슬라이딩·팝업),불량원인(개폐 메커니즘),특허,차량의 도어 개폐 장치 | 특허,,,,,https://k-knowledge.kr/srch/read.jsp?id=273597074,k-knowledge.kr,상세페이지확인,ko,주력,슬라이딩 도어; 팝업; 개폐 장치,"도어를 슬라이딩 이동 및 팝업시켜 개구부를 개폐하는 차량의 도어 개폐 장치 특허 로, 파워 슬라이딩 도어 등 도어 개폐 시스템 구조 자료로 활용 가능. 접근: 상세페이지확인(통합기술플랫폼)."
PHA-CAND-0113,114,PHA,도어 개폐 장치(스마트키),불량원인(고장 시 비상 개폐),특허,차량의 도어 개폐 장치 및 그 방법 | 동아-동서 통합기술플랫폼,,,,,https://www.du2techbridge.com/patent/66405,www.du2techbridge.com,상세페이지확인,ko,주력,스마트키; 비상 개폐; 무선통신,"스마트키 고장·배터리 방전 시에도 무선통신으로 도어를 개폐하는 차량의 도어 개폐 장치 및 방법 특허 로, 도어 개폐 고장 대응(비상 개폐) 자료로 활용 가능. 접근: 상세페이지확인(통합기술플랫폼)."
PHA-CAND-0114,115,PHA,도어 개폐 시스템,불량원인(개폐 시스템 구조),특허,(19) 대한민국특허청(KR) (12) 등록특허공보(B1),,,,2021,https://ipkorean.com/wp-content/uploads/2023/11/1020210112642.pdf,ipkorean.com,원문접근가능,ko,주력,도어 개폐; 시저 타입; 등록특허,"하나의 개폐 시스템으로 도어를 레귤러 타입과 시저 타입으로 선택 개폐하는 자동차 도어 등록특허(출원번호 10-2021-0112642) 로, 도어 개폐 시스템 구조 자료로 활용 가능. 접근: 원문접근가능(등록특허공보 PDF)."
SL-CAND-0115,116,SL,헤드램프(램프 광원),검사(가속열화·수명 모형),논문,20권 6호 132-139 2012 [한국자동차공학회 논문집 ],,,,2012,https://ksae.org/journal_list/search_index.php?mode=view&sid=42760&gubun=1&year=2012&month=11&issue=20&number=6&page=2&page_pre=,ksae.org,상세페이지확인,ko,주력,필라멘트 램프; 가속열화; 로버스트 열화모형,"헤드램프용 필라멘트 램프의 가속열화 데이터 분석을 통해 로버스트 열화모형을 제시한 기술논문 (성기우, 현대자동차, 한국자동차공학회 논문집 20(6), 2012)으로, 램프 수명·열화 검사 자료로 활용 가능. 접근: 상세페이지확인(한국자동차공학회)."
SL-CAND-0116,117,SL,헤드램프(하우징·베젤·렌즈),소재(유리·금속 대체 경량화),연구보고서,자동차 경량화를 위한 전조등 광원 모듈용 유리 및 금속 대체 ...,,,,2022,https://scienceon.kisti.re.kr/srch/selectPORSrchReport.do?cn=TRKO202200005408,scienceon.kisti.re.kr,원문접근가능,ko,주력,전조등 경량화; 하우징·베젤; 렌즈 소재,"전조등 하우징·베젤·아웃터 렌즈의 플라스틱 경량화를 추진한 연구보고서 (ScienceON 등록, 2022)로, 램프 구성 부품 소재(유리·금속 대체) 자료로 활용 가능. 접근: 상세페이지확인(ScienceON 원문보기)."
SL-CAND-0117,118,SL,자동차 램프(전장품),검사(환경시험 규격),논문,자동차 전장품의 환경시험규격에 관한 연구 - ScienceCentral,,,,2018,https://www.e-sciencecentral.org/upload/jksqm/pdf/jksqm-46-2-311.pdf,www.e-sciencecentral.org,원문접근가능,ko,주력,환경시험 규격; 전장품; 온도충격,"자동차 전장품(램프류 포함)의 환경시험 규격(고온·저온 저장, 온도충격, 염수분무 등)을 분석한 논문 (YS Kim, 한국품질경영학회지 46(2), 2018)으로, 램프 환경시험 기준 자료로 활용 가능. 접근: 원문접근가능(PDF)."
SL-CAND-0118,119,SL,헤드램프,불량원인(결로 방지),특허,WO2016167540A1 - 헤드 램프의 결로 발생 방지 장치,,,,,https://patents.google.com/patent/WO2016167540A1/ko,patents.google.com,원문접근가능,ko,주력,결로 방지; 헤드램프; 하우징,"하우징 내부 온도차로 발생하는 결로를 방지하는 헤드램프 결로 발생 방지 장치 특허 로, 램프 결로 불량원인 대응 자료로 활용 가능. 접근: 원문접근가능."
SL-CAND-0119,120,SL,자동차 램프 하우징(LED),불량원인(하우징·광학부 구조),특허,(19) 대한민국특허청(KR) (12) 등록특허공보(B1),,,,,https://patentimages.storage.googleapis.com/98/2c/d8/59f6272f639c50/KR100798143B1.pdf,patentimages.storage.googleapis.com,원문접근가능,ko,주력,LED 램프 유닛; 하우징; 리플렉터,"LED 램프 유닛과 리플렉터를 고정하는 램프 하우징 구조 등록특허(KR100798143B1) 로, LED 램프 하우징·광학부 구조 자료로 활용 가능. 접근: 원문접근가능(등록특허공보 PDF)."
SL-CAND-0120,121,SL,자동차 램프(흡습제),불량원인(결로·흡습),특허,공개특허 10-2024-0177126,,,,2024,https://static.rndcircle.io/patent/public-full-text/1764320526145_anonymous_56a49059-9a87-406c-8c63-4271f23dd9a8_1020230078176.pdf,static.rndcircle.io,원문접근가능,ko,주력,흡습제; 결로 제거; 램프 하우징,"램프 내외부 온도차로 생성되는 습기를 제거하는 자동차 램프용 흡습제 개선 특허(공개특허 10-2024-0177126) 로, 램프 결로·흡습 대응 자료로 활용 가능. 접근: 원문접근가능(공개특허공보 PDF)."
SANGSIN-CAND-0121,122,상신브레이크,브레이크 마찰재,소재(페놀수지 결합제),논문,마찰재에 함유된 페놀수지의 종류에 따른 마찰특성 연구 - 논문,,,,2005,https://www.dbpia.co.kr/Journal/articleDetail?nodeId=NODE00613908,www.dbpia.co.kr,상세페이지확인,ko,주력,페놀수지; 마찰특성; 결합제,"마찰재에 함유된 페놀수지의 종류에 따른 마찰특성을 비교 분석한 논문 (신동주·정진오·박정환, 2005)으로, 마찰재 결합제 소재 설계 자료로 활용 가능. 접근: 상세페이지확인(DBpia)."
SANGSIN-CAND-0122,123,상신브레이크,브레이크 마찰재,소재(페놀수지 종류별 영향),논문,자동차용 마찰재에 사용되는 페놀수지의 종류에 따른 마찰 ...,,,,,https://www.dbpia.co.kr/journal/articleDetail?nodeId=NODE00325036,www.dbpia.co.kr,상세페이지확인,ko,주력,자동차용 마찰재; 페놀수지; 마찰특성 영향,"자동차용 마찰재에 사용되는 페놀수지 종류가 마찰특성에 미치는 영향을 다룬 논문 으로, 마찰재 소재(수지) 선정 자료로 활용 가능. 접근: 상세페이지확인(DBpia)."
SANGSIN-CAND-0123,124,상신브레이크,브레이크 마찰재,소재(변성 페놀수지)·검사(스케일 다이나모),논문,[논문]변성 페놀수지를 이용한 고분자 마찰재의 성능개선에 ...,,,,,https://scienceon.kisti.re.kr/srch/selectPORSrchArticle.do?cn=DIKO0008859223,scienceon.kisti.re.kr,상세페이지확인,ko,주력,변성 페놀수지; 고분자 마찰재; 1/5 스케일 다이나모미터,"변성 페놀수지와 스트레이트 페놀수지 4종을 1/5 스케일 다이나모미터로 마찰·마모특성을 비교한 논문 으로, 변성 수지 기반 마찰재 성능개선 자료로 활용 가능. 접근: 상세페이지확인(ScienceON)."
SANGSIN-CAND-0124,125,상신브레이크,브레이크 마찰재,소재(아라미드 펄프 조성물),특허,KR101160666B1 - 브레이크 마찰재 조성물,,,,,https://patents.google.com/patent/KR101160666B1/ko,patents.google.com,원문접근가능,ko,주력,마찰재 조성물; 아라미드 펄프; 페놀수지 결합제,"페놀수지 결합제에 아라미드 펄프 등 마찰재료를 함유한 브레이크 마찰재 조성물 특허(KR101160666B1) 로, 마찰재 조성 소재 자료로 활용 가능. 접근: 원문접근가능."
SANGSIN-CAND-0125,126,상신브레이크,브레이크 마찰재(보강섬유),소재(아라미드 섬유),논문,[논문]아라미드 섬유의 특성 및 응용,,,,2006,https://scienceon.kisti.re.kr/srch/selectPORSrchArticle.do?cn=JAKO200606142054655,scienceon.kisti.re.kr,원문접근가능,ko,주력,아라미드 섬유; 보강섬유; 섬유 응용,"아라미드 섬유의 특성과 산업 응용을 정리한 논문 (한인식, 코오롱, 2006)으로, 마찰재 보강섬유(아라미드)의 소재 특성 자료로 활용 가능. 접근: 상세페이지확인(ScienceON 원문보기)."
SANGSIN-CAND-0126,127,상신브레이크,브레이크 패드(백플레이트),불량원인(편마모 저감)·검사(해석),논문,디스크 브레이크의 편마모 저감을 위한 브레이크 패드의 백 ...,,,,,https://www.kci.go.kr/kciportal/ci/sereArticleSearch/ciSereArtiView.kci?sereArticleSearchBean.artiId=ART001843622,www.kci.go.kr,상세페이지확인,ko,준주력,편마모; 백플레이트; 로버스트 설계,"유한요소 해석과 로버스트 설계기법으로 패드 편마모를 저감하는 백플레이트 설계를 다룬 논문 으로, 패드 편마모(불량원인) 대응 자료로 활용 가능. 접근: 상세페이지확인(KCI)."
SANGSIN-CAND-0127,128,상신브레이크,캘리퍼(패드 고정 구조),불량원인(패드 고정 구조),특허,[특허]자동차용 캘리퍼 브레이크,,,,,https://scienceon.kisti.re.kr/srch/selectPORSrchPatent.do?cn=KOR1020110074547,scienceon.kisti.re.kr,상세페이지확인,ko,비주력,캘리퍼 브레이크; 패드 고정; 백플레이트,"캘리퍼 브레이크의 외측 패드 백플레이트 후면 패드 고정 구조에 관한 특허 로, 캘리퍼·패드 체결 구조 자료로 활용 가능. 접근: 상세페이지확인(ScienceON 특허)."
SANGSIN-CAND-0128,129,상신브레이크,브레이크 패드,불량원인(동특성·진동 해석),논문,디스크 브레이크 패드의 동특성 해석 모델에 대한 연구 - 논문,,,,,https://www.dbpia.co.kr/journal/articleDetail?nodeId=NODE06660610,www.dbpia.co.kr,상세페이지확인,ko,주력,동특성 해석; 디스크 브레이크 패드; 진동 모델,"디스크 브레이크 패드의 동특성 해석 모델을 구축한 논문 으로, 패드 진동 특성 해석(소음 대응 기반) 자료로 활용 가능. 접근: 상세페이지확인(DBpia)."
SANGSIN-CAND-0129,130,상신브레이크,디스크 로터,불량원인(로터 표면 형상·마모),논문,[논문]브레이크 디스크 로터 표면 형상에 따른 제동 성능 거동 ...,,,,,https://scienceon.kisti.re.kr/srch/selectPORSrchArticle.do?cn=DIKO0015503576,scienceon.kisti.re.kr,상세페이지확인,ko,비주력,디스크 로터; 표면 형상; 제동 성능,"디스크 로터 표면 형상에 따른 제동 성능 거동과 로터 마모 촉진 문제를 다룬 논문 으로, 디스크 로터 마모·제동성능 자료로 활용 가능. 접근: 상세페이지확인(ScienceON)."
SANGSIN-CAND-0130,131,상신브레이크,브레이크 라이닝·패드,표준(인증 심사기준)·검사,표준,KS표시 인증 심사기준,,,2009-01-16,2009,https://www.kssn.net/ks/certiFileDownload.do?fileGubun=2&stdNumber=R%204024&ksCertiSq=2538,www.kssn.net,원문접근가능,ko,주력,KS R 4024; 인증 심사기준; 검사방법,"자동차용 브레이크 라이닝 및 패드(KS R 4024)의 KS표시 인증 심사기준 문서 로, 원자재 겉모양·검사방법 등 인증 검사 기준 자료로 활용 가능. 접근: 원문접근가능(심사기준 PDF)."
PHA-CAND-0131,132,PHA,자동차 부품(도어 모듈 진동내구),표준(진동 시험 방법)·검사,표준,국가표준 상세 | e나라 표준인증,,,,,https://www.standard.go.kr/KSCI/standardIntro/getStandardSearchView.do?menuId=919&topMenuId=502&upperMenuId=503&ksNo=KSR1034&tmprKsNo=KSR1034&reformNo=,www.standard.go.kr,원문접근가능,ko,주력,KS R 1034; 진동 시험 방법; e나라표준인증,"자동차 부품 진동 시험 방법(KS R 1034)의 e나라표준인증 국가표준 상세 페이지 로, 공진점 검출·기능·내구 시험 등 부품 진동 시험 기준 원문 확인 가능. 접근: 상세페이지확인(KS원문보기 제공)."
PHA-CAND-0132,133,PHA,자동차 부품(내수시험),표준(내습·내수 시험)·검사,표준,01. 역학시험 01.021 자동차 규격번호 규격명 시험범위 ...,,,2020-03-31,2020,https://kats.go.kr/cwsboard/board.do?mode=download&bid=126&cid=21821&filename=21821_202010121732065191.pdf,kats.go.kr,원문접근가능,ko,준주력,KS R 0015; 내수 시험; 살수 분수 시험,"KS R 0015 자동차 부품 내습·내수 시험의 살수(R1·R2)·분수(S1·S2) 시험 조건과 유량 등을 수록한 국가기술표준원(KATS) 게시 자료 로, 부품 내수시험 방법 자료로 활용 가능. 접근: 원문접근가능(PDF)."
PHA-CAND-0133,134,PHA,도어 힌지(체크 기능),불량원인(힌지·체커 구조),특허,KR100892510B1 - 자동차 도어 체크 기능 내재형 도어 힌지,,,,,https://patents.google.com/patent/KR100892510B1/ko,patents.google.com,원문접근가능,ko,주력,도어 힌지; 도어 체크; 내재형,"도어 체크 기능을 힌지에 내재화해 원가 절감과 원활한 개폐를 구현한 자동차 도어 힌지 특허(KR100892510B1) 로, 도어 힌지·체커 구조 자료로 활용 가능. 접근: 원문접근가능."
PHA-CAND-0134,135,PHA,도어 체커,불량원인(체커 구조),특허,[특허]자동차의 도어 체커 장치 - ScienceON,,,,,https://scienceon.kisti.re.kr/srch/selectPORSrchPatent.do?cn=KOR1020150174029,scienceon.kisti.re.kr,상세페이지확인,ko,주력,도어 체커; 체커 아암; 힌지식,"차체측 사이드 아웃터에 브라켓과 체커 아암을 구성한 힌지식 도어 체커 장치 특허 로, 도어 체커 구조 자료로 활용 가능. 접근: 상세페이지확인(ScienceON 특허)."
PHA-CAND-0135,136,PHA,도어 아웃사이드 핸들,불량원인(핸들 구조),특허,[특허]도어 아웃사이드 핸들 구조,,,,,https://scienceon.kisti.re.kr/srch/selectPORSrchPatent.do?cn=KOR1020140140085,scienceon.kisti.re.kr,상세페이지확인,ko,준주력,아웃사이드 핸들; 핸들베이스; 복원 구조,"핸들베이스에 결합되어 당김·복원되는 도어 아웃사이드 핸들 구조에 관한 특허 로, 아웃사이드 핸들 구조 자료로 활용 가능. 접근: 상세페이지확인(ScienceON 특허)."
PHA-CAND-0136,137,PHA,웨더스트립,공정(웨더스트립 제조),특허,KR101576154B1 - 자동차용 웨더스트립 제조방법,,,,,https://patents.google.com/patent/KR101576154B1/ko,patents.google.com,원문접근가능,ko,비주력,웨더스트립; 제조방법; 씰부,"U자 씰부와 플랜지 결합부를 일체 성형하는 자동차용 웨더스트립 제조방법 특허(KR101576154B1) 로, 웨더스트립 제조 공정 자료로 활용 가능. 접근: 원문접근가능."
PHA-CAND-0137,138,PHA,도어 힌지,공정(힌지 분리 결합)·안전,특허,KR100610753B1 - 분리 가능한 자동차용 도어 힌지장치,,,,,https://patents.google.com/patent/KR100610753B1/ko,patents.google.com,원문접근가능,ko,주력,분리형 힌지; 조립공정; 도어 브라켓,"조립공정 중 쉽게 분리 결합되고 출하 후 안전성이 높은 분리 가능한 자동차용 도어 힌지장치 특허(KR100610753B1) 로, 도어 힌지 조립 공정 자료로 활용 가능. 접근: 원문접근가능."
PHA-CAND-0138,139,PHA,슬라이딩 도어,불량원인(슬라이딩 도어 구조),특허,[특허]싱글 힌지를 이용한 차량용 슬라이딩 도어의 구조,,,,,https://scienceon.kisti.re.kr/srch/selectPORSrchPatent.do?cn=KOR1020030032076,scienceon.kisti.re.kr,상세페이지확인,ko,주력,싱글 힌지; 슬라이딩 도어; 레일방식,"상/중/하 3점 레일 지지를 대체하는 싱글 힌지 차량용 슬라이딩 도어 구조 특허 로, 슬라이딩 도어 구조 자료로 활용 가능. 접근: 상세페이지확인(ScienceON 특허)."
PHA-CAND-0139,140,PHA,파워 테일게이트,불량원인(제어 시스템),특허,[특허]파워 트렁크 또는 파워 테일게이트 제어 시스템 및 그 방법,,,,,https://scienceon.kisti.re.kr/srch/selectPORSrchPatent.do?cn=KOR1020110145709,scienceon.kisti.re.kr,상세페이지확인,ko,주력,파워 테일게이트; 제어 시스템; 파워 트렁크,"파워 트렁크·파워 테일게이트 제어 시스템 및 방법에 관한 특허 로, 파워 테일게이트 제어 기술 자료로 활용 가능. 접근: 상세페이지확인(ScienceON 특허)."
PHA-CAND-0140,141,PHA,파워 테일게이트,불량원인(스마트키 연동 제어),특허,KR20180012586A - 스마트키 연동 파워 테일게이트 제어방법,,,,,https://patents.google.com/patent/KR20180012586A/ko,patents.google.com,원문접근가능,ko,주력,스마트키; 자동 개방; 테일게이트 제어,"스마트키에 제어 정보를 저장해 차량 근접 시 테일게이트를 자동 개방하는 스마트키 연동 파워 테일게이트 제어방법 특허 로, 파워 테일게이트 제어 자료로 활용 가능. 접근: 원문접근가능."
PHA-CAND-0141,142,PHA,파워 테일게이트,안전(후방 감지),특허,차량용 파워 테일게이트 시스템 - KR100892511B1,,,,,https://patents.google.com/patent/KR100892511B1/ko,patents.google.com,원문접근가능,ko,주력,PTG 모듈; 후방감지센서; 안전 감지,"후방감지센서로 테일게이트 회전 궤적상 물체를 감지하는 차량용 파워 테일게이트 시스템 특허(KR100892511B1) 로, 파워 테일게이트 안전 설계 자료로 활용 가능. 접근: 원문접근가능."
SL-CAND-0142,143,SL,헤드램프(와이어 하네스),설비(조립장치)·공정(조립),특허,(19) 대한민국특허청(KR) (12) 등록특허공보(B1),,,,2019,https://static.rndcircle.io/patent/announce-full-text/1769965143485_anonymous_659c7fcc-fe4f-4974-aced-ae186aa23a15_1020190125297.pdf,static.rndcircle.io,원문접근가능,ko,준주력,와이어 하네스; 조립장치; 메인커넥터,"헤드램프 하우징의 메인커넥터에 와이어 하네스를 조립하는 차량 헤드램프 와이어 하네스 조립장치 특허(출원번호 10-2019-0125297) 로, 램프 조립 설비 자료로 활용 가능. 접근: 원문접근가능(등록특허공보 PDF)."
SL-CAND-0143,144,SL,차량용 램프(전조등 모듈),불량원인(램프 모듈 구조),특허,(19) 대한민국특허청(KR) (12) 공개특허공보(A),,,,,https://patentimages.storage.googleapis.com/bf/cf/31/1e1584576e1e79/KR20220044799A.pdf,patentimages.storage.googleapis.com,원문접근가능,ko,주력,전조등 모듈; LED 램프; 공개특허,"할로겐·LED로 진화한 차량용 램프 및 전조등 모듈 관련 공개특허(KR20220044799A) 로, 램프 모듈 구조 자료로 활용 가능. 접근: 원문접근가능(공개특허공보 PDF)."
SL-CAND-0144,145,SL,램프 벤트 캡,불량원인(결로·통기),특허,(19) 대한민국특허청(KR) (12) 공개특허공보(A),,,,,https://patentimages.storage.googleapis.com/43/d9/1a/e5aa5284ee01e7/KR20160029455A.pdf,patentimages.storage.googleapis.com,원문접근가능,ko,주력,벤트 캡; 헤드램프; 통기,"헤드램프 통기(벤트) 기능을 위한 램프용 벤트 캡에 관한 공개특허(KR20160029455A) 로, 램프 벤트·결로 대응 자료로 활용 가능. 접근: 원문접근가능(공개특허공보 PDF)."
SL-CAND-0145,146,SL,차량용 램프(벤트홀),불량원인(벤트홀 개폐 설계),특허,KR20170029262A - 차량용 램프 장치,,,,,https://patents.google.com/patent/KR20170029262A/ko,patents.google.com,원문접근가능,ko,주력,일방향 벤트; 바이패스 유로; 벤트홀,"바이패스 유로의 벤트홀을 개폐하는 일방향 벤트 부재를 구비한 차량용 램프 장치 특허(KR20170029262A) 로, 램프 벤트홀 설계 자료로 활용 가능. 접근: 원문접근가능."
SL-CAND-0146,147,SL,전조등(LED 광원모듈),공정(제조 방법)·불량원인(광원모듈 구조),특허,KR101233340B1 - 차량용 전조등 및 그 제조 방법,,,,,https://patents.google.com/patent/KR101233340B1/ko,patents.google.com,원문접근가능,ko,주력,전조등; LED 광원모듈; 교체 구조,"접촉사고 시 광원모듈을 간편·신속하게 교체 가능한 차량용 전조등 및 그 제조 방법 특허(KR101233340B1) 로, LED 전조등 광원모듈 구조·제조 자료로 활용 가능. 접근: 원문접근가능."
SL-CAND-0147,148,SL,자동차용 램프류,표준(KS R 5018 램프류·내후성),표준,한국산업규격 개정,,,,,https://www.codil.or.kr/filebank/moct2014/200401/MOCT727_1.PDF?nserialno=727,www.codil.or.kr,원문접근가능,ko,주력,KS R 5018; 램프류; 내후성 시험,"KS R 5018 자동차용 램프류 및 KS R 0021 내후성 시험 통칙 개정 내용을 수록한 국가기술표준원 규격 개정 고시 원문 으로, 램프류 표준 원문 자료로 활용 가능. 접근: 원문접근가능(고시 PDF)."
SL-CAND-0148,149,SL,자동차용 램프,검사(내열 신뢰성 예측),논문,자동차용 램프 내열 신뢰성 예측을 위한 수치해석의 활용 - 논문,,,,2024,https://www.dbpia.co.kr/journal/articleDetail?nodeId=NODE11181850,www.dbpia.co.kr,상세페이지확인,ko,주력,내열 신뢰성; 수치해석; 램프 수명 예측,"자동차용 램프의 내열 신뢰성 예측에 수치해석을 활용한 논문 (2024)으로, 램프 내열 신뢰성 검사 자료로 활용 가능. 접근: 상세페이지확인(DBpia)."
SL-CAND-0149,150,SL,헤드램프 반사경,불량원인(광학 설계),논문,자동차 헤드램프 반사경의 광학 설계,,,,,https://www.kci.go.kr/kciportal/ci/sereArticleSearch/ciSereArtiView.kci?sereArticleSearchBean.artiId=ART000926452,www.kci.go.kr,상세페이지확인,ko,주력,반사경; 광학 설계; 헤드램프,"자동차 헤드램프 반사경의 광학 설계를 다룬 KCI 등재 논문 으로, 램프 광학부(반사경) 설계 자료로 활용 가능. 접근: 상세페이지확인(KCI)."
SL-CAND-0150,151,SL,커뮤니케이션 램프,불량원인(MLA 광학 설계),논문,Microlens Array를 이용한 자동차 커뮤니케이션 램프 설계 방안 ...,,,,2021,https://koreascience.or.kr/article/JAKO202118350350363.page,koreascience.or.kr,상세페이지확인,ko,주력,Microlens Array; 커뮤니케이션 램프; 광학 설계,"Microlens Array를 이용한 자동차 커뮤니케이션 램프 설계 방안을 제시한 논문 (2021)으로, 차량 외부 광통신 램프 광학 설계 자료로 활용 가능. 접근: 상세페이지확인(KoreaScience)."
SL-CAND-0151,152,SL,자동차 램프(전장부품),검사(열·진동 복합하중 신뢰성),논문,자동차용 전장부품의 신뢰성 평가 기법,,,,2007,https://koreascience.kr/article/CFKO200717054765329.pdf,koreascience.kr,원문접근가능,ko,주력,Virtual Qualification; 고장 메커니즘; 열진동 복합하중,"자동차용 전장부품(램프류 포함)에 Virtual Qualification을 적용해 열·진동 복합하중 하의 고장 메커니즘과 수명을 규명한 논문 (2007)으로, 램프 신뢰성 평가 자료로 활용 가능. 접근: 원문접근가능(PDF)."
SL-CAND-0152,153,SL,헤드램프 PC 렌즈,소재(내후성 코팅),특허,(19) 대한민국특허청(KR) (12) 등록특허공보(B1),,,,,https://patentimages.storage.googleapis.com/76/a0/1d/d4ef77fc61fe8b/KR101210905B1.pdf,patentimages.storage.googleapis.com,원문접근가능,ko,주력,PC 렌즈; 내후성 코팅; 투명 소재,"자동차 헤드램프 PC 렌즈 등 투명 소재의 옥외 장기사용 내후성 도막 유지용 코팅 기술을 설명하는 등록특허공보(KR101210905B1) 로, 렌즈 내후성 코팅 자료로 활용 가능. 접근: 원문접근가능(등록특허공보 PDF)."
SL-CAND-0153,154,SL,LED 헤드램프,불량원인(광학 해석·배광 특성),논문,[논문]LED headlamp의 광학 해석 및 배광 특성 분석 - ScienceON,,,,,https://scienceon.kisti.re.kr/srch/selectPORSrchArticle.do?cn=DIKO0014735847,scienceon.kisti.re.kr,상세페이지확인,ko,주력,LED headlamp; 광학 시뮬레이션; 배광 특성,"광학 시뮬레이션으로 할로겐 램프 대비 LED 광원 성능을 분석하고 LED 헤드램프를 설계한 논문 으로, LED 램프 광학 해석·배광 특성 자료로 활용 가능. 접근: 상세페이지확인(ScienceON)."
SANGSIN-CAND-0154,155,상신브레이크,브레이크 패드,검사(기계적 특성),논문,Mechanical Characteristics of Automobile Brake Pads,,,,2015,https://koreascience.or.kr/article/JAKO201532853255012.page,koreascience.or.kr,상세페이지확인,ko,주력,기계적 특성; 브레이크 패드; 물성,"자동차 브레이크 패드의 기계적 특성을 다룬 논문 (신재호·김경진·강우종, 경일대, 2015)으로, 패드 기계적 물성 검사 자료로 활용 가능. 접근: 상세페이지확인(KoreaScience)."
SANGSIN-CAND-0155,156,상신브레이크,브레이크 마찰재,소재(금속섬유),논문,마찰재에 함유된 금속섬유와 마찰 특성의 연관관계 ...,,,,,https://www.dbpia.co.kr/journal/articleDetail?nodeId=NODE00324622,www.dbpia.co.kr,상세페이지확인,ko,주력,금속섬유; 마찰 특성; 보강섬유,"마찰재에 함유된 금속섬유와 마찰 특성의 연관관계를 분석한 논문 (고길주 외)으로, 마찰재 보강 금속섬유 소재 자료로 활용 가능. 접근: 상세페이지확인(DBpia)."
SANGSIN-CAND-0156,157,상신브레이크,브레이크 마찰재,소재(금속섬유 종류별 특성),논문,마찰재에 함유된 금속섬유의 종류에 따른 마찰 특성,,,,2001,https://www.koreascience.kr/article/CFKO200111921195649.page?&lang=ko,www.koreascience.kr,상세페이지확인,ko,주력,금속섬유 종류; 마찰 마모; 시편 비교,"마찰재에 함유된 금속섬유의 종류에 따른 마찰 특성을 비교한 논문 (2001)으로, 금속섬유 종류별 마찰·마모 특성 자료로 활용 가능. 접근: 상세페이지확인(KoreaScience)."
SANGSIN-CAND-0157,158,상신브레이크,자동차용 마찰재,소재(금속섬유),논문,자동차용 마찰재에 사용되는 금속섬유의 종류에 따른 마찰 ...,,,,1999,https://koreascience.kr/article/CFKO199911921249731.page;?&lang=ko,koreascience.kr,상세페이지확인,ko,주력,자동차용 마찰재; 금속섬유; 마찰특성 변화,"자동차용 마찰재에 사용되는 금속섬유 종류에 따른 마찰특성 변화를 다룬 논문 (1999)으로, 자동차 마찰재 금속섬유 소재 자료로 활용 가능. 접근: 상세페이지확인(KoreaScience)."
SANGSIN-CAND-0158,159,상신브레이크,브레이크 마찰재,소재(고체윤활제)·불량원인(습도·페이드),논문,Effect of Humidity on Friction Characteristics of,,,,1998,https://koreascience.kr/article/CFKO199811920203441.pdf,koreascience.kr,원문접근가능,ko,주력,습도; Graphite; MoS2; 페이드,"Graphite·MoS2 등 고체윤활제 첨가 시편의 습도 조건별 마찰특성(페이드 현상 포함)을 분석한 논문 (1998)으로, 마찰재 고체윤활제·환경 조건 자료로 활용 가능. 접근: 원문접근가능(PDF)."
SANGSIN-CAND-0159,160,상신브레이크,브레이크 마찰재,소재(고체윤활제 최적화)·불량원인(마찰손실),논문,Solid Lubrication Optimization and Structural Design of ...,,,,,http://journal.ksmpe.or.kr/journal/article.php?code=76883,journal.ksmpe.or.kr,상세페이지확인,ko,주력,고체윤활제; Graphite; 구조 설계,"자동차용 마찰재의 대표적 고체윤활제인 Graphite의 최적 배합과 마찰재 구조 설계를 다룬 논문 (한국정밀공학회)으로, 고체윤활제 배합 소재 자료로 활용 가능. 접근: 상세페이지확인(학회지)."
SANGSIN-CAND-0160,161,상신브레이크,제동 패드,불량원인(스킬소음 저감),논문,제동패드의 구조와 마찰재 조성이 제동 스킬소음에 미치는 영향,,,,2017,https://koreascience.kr/article/JAKO201713056892887.pdf,koreascience.kr,원문접근가능,ko,주력,스킬소음; 마찰재 조성; 패드 구조,"제동 스킬(squeal) 소음 저감을 위해 마찰재 소재 개량과 패드 구조 개선 방안을 구분해 제시한 논문 (구본채, 2017)으로, 제동소음 불량원인 자료로 활용 가능. 접근: 원문접근가능(PDF)."
PHA-CAND-0161,162,PHA,도어 래치,검사(누적손상 기반 신뢰성 평가),논문,누적손상이론을 이용한 자동차 도어 래치의 신뢰성 평가,,,,,https://www.riss.kr/search/detail/DetailView.do?p_mat_type=1a0202e37d52c72d&control_no=95d4dd5fd3865851c85d2949c297615a,www.riss.kr,상세페이지확인,ko,주력,누적손상이론; 도어 래치; 신뢰성 평가,"누적손상이론을 적용해 자동차 도어 래치의 신뢰성을 평가한 논문 으로, 도어 래치 내구 신뢰성 검사 자료로 활용 가능. 접근: 상세페이지확인(RISS)."
PHA-CAND-0162,163,PHA,도어 래치(기어·액추에이터),불량원인(기어 파손)·검사(가속 내구시험),논문,DLM3s 도어래치 기어 파손에 대한 가속 내구시험법 개발,,,,,https://www.dbpia.co.kr/journal/articleDetail?nodeId=NODE12767178,www.dbpia.co.kr,상세페이지확인,ko,주력,도어래치 기어; 가속 내구시험; 액추에이터 불량,"도어래치 기어 파손·액추에이터 작동 불량에 대한 가속 내구시험법을 개발한 논문 으로, 래치 주요 품질 문제의 내구시험 자료로 활용 가능. 접근: 상세페이지확인(DBpia)."
PHA-CAND-0163,164,PHA,도어 사이드 임팩트 빔,안전(측면 충돌)·불량원인(최적설계),논문,[논문]차량 측면도어 임팩트 빔의 최적설계 및 ...,,,,2015,https://scienceon.kisti.re.kr/srch/selectPORSrchArticle.do?cn=JAKO201509364589335,scienceon.kisti.re.kr,상세페이지확인,ko,비주력,임팩트 빔; 최적설계; FEM 해석,"차량 측면도어 임팩트 빔의 경량화 최적설계와 FEM 해석을 다룬 논문 (김재열, 2015)으로, 도어 임팩트 빔 안전·설계 자료로 활용 가능. 접근: 상세페이지확인(ScienceON)."
PHA-CAND-0164,165,PHA,도어 사이드 임팩트 빔,안전(임팩트 빔)·소재(판재),논문,자동차 도어 경량화를 위한 판재형 사이드 임팩트 빔 개발 ...,,,,,https://www.dbpia.co.kr/journal/articleDetail?nodeId=NODE06281736,www.dbpia.co.kr,상세페이지확인,ko,비주력,판재형 임팩트 빔; 도어 경량화; 시제품 평가,"판재형 사이드 임팩트 빔의 초기설계·유한요소 해석 기반 설계변경·시제품 평가를 다룬 논문 으로, 도어 경량화 임팩트 빔 개발 자료로 활용 가능. 접근: 상세페이지확인(DBpia)."
PHA-CAND-0165,166,PHA,도어 임팩트 빔,소재(열가소성 복합재)·안전,논문,[논문]열가소성 복합재 적용 자동차 도어 임팩트 빔 개발,,,,2020,https://scienceon.kisti.re.kr/srch/selectPORSrchArticle.do?cn=JAKO202009135472492,scienceon.kisti.re.kr,상세페이지확인,ko,비주력,열가소성 복합재; 임팩트 빔; 시생산,"열가소성 복합재료를 적용한 도어 임팩트 빔을 설계하고 시생산으로 생산성·성능을 검증한 논문 (2020)으로, 복합재 임팩트 빔 소재 자료로 활용 가능. 접근: 상세페이지확인(ScienceON)."
PHA-CAND-0166,167,PHA,자동차 도어,검사(개폐성능)·불량원인,논문,[논문]차량 도어 개폐성능 향상에 관한 연구,,,,,https://scienceon.kisti.re.kr/srch/selectPORSrchArticle.do?cn=DIKO0010906272,scienceon.kisti.re.kr,상세페이지확인,ko,주력,도어 개폐성능; 검사치구; 원인 분석,"기존 도어 개폐성능 문제점의 원인 분석과 검사치구(Checker)를 통한 개폐성능 향상 방안을 제시한 논문 으로, 도어 개폐 성능 검사 자료로 활용 가능. 접근: 상세페이지확인(ScienceON)."
PHA-CAND-0167,168,PHA,도어 모듈,공정(모듈 조립)·안전(에어백 감지),특허,KR101405762B1 - 자동차의 도어 모듈 및 그 조립방법,,,,,https://patents.google.com/patent/KR101405762B1/ko,patents.google.com,원문접근가능,ko,주력,도어 모듈; 조립방법; 압력 센서,"도어 글래스 승하강 지지와 에어백 전개 감지 압력 센서 부착이 통합된 자동차 도어 모듈 및 그 조립방법 특허(KR101405762B1) 로, 도어 모듈 조립 공정 자료로 활용 가능. 접근: 원문접근가능."
PHA-CAND-0168,169,PHA,차량용 도어,공정(도어 제조)·소재(경량화),특허,"KR101724966B1 - 차량용 도어의 제조 방법, 및 이에 의해 ...",,,,,https://patents.google.com/patent/KR101724966B1/ko,patents.google.com,원문접근가능,ko,비주력,도어 제조 방법; 경량화; 제조비용,"경량화에 따른 제조비용 상승 문제를 개선하는 차량용 도어의 제조 방법 특허(KR101724966B1) 로, 도어 제조 공정 자료로 활용 가능. 접근: 원문접근가능."
PHA-CAND-0169,170,PHA,도어 인너 판넬,불량원인(조립부 강성),논문,도어 인너 판넬 모듈 조립부 강성 개선에 대한 연구 - 논문,,,,,https://www.dbpia.co.kr/journal/articleDetail?nodeId=NODE12047194,www.dbpia.co.kr,상세페이지확인,ko,비주력,인너 판넬; 모듈 조립부; 강성 개선,"도어 인너 판넬 모듈 조립부의 강성 개선을 다룬 논문 으로, 도어 모듈 조립부 강성(불량원인) 자료로 활용 가능. 접근: 상세페이지확인(DBpia)."
PHA-CAND-0170,171,PHA,도어 인너 판넬(알루미늄),소재(알루미늄)·공정(핫스탬핑·레이저 용접),연구보고서,용입깊이 10% 이상 향상 및 기공발생 저감을 위한 알루미늄 저 ...,,,,2021,https://scienceon.kisti.re.kr/srch/selectPORSrchReport.do?cn=TRKO202100007956,scienceon.kisti.re.kr,원문접근가능,ko,비주력,알루미늄 핫스탬핑; 레이저 용접; 도어 모듈,"알루미늄 핫스탬핑 도어 인너 판넬 성형기술과 레이저 용접·기계적 접합 기술 기반 1-Piece 인너 판넬 알루미늄 도어 모듈 시제품 제작 연구보고서 (2021)로, 도어 소재·공정 자료로 활용 가능. 접근: 상세페이지확인(ScienceON 원문보기)."
SL-CAND-0171,172,SL,LED 헤드램프(히트싱크),불량원인(방열 설계)·검사(수치해석),논문,자동차 LED Head Lamp의 방열을 위한 Heat Sink의 수치해석 ...,,,,2012,https://scienceon.kisti.re.kr/srch/selectPORSrchArticle.do?cn=JAKO201201052159021,scienceon.kisti.re.kr,상세페이지확인,ko,주력,LED 헤드램프; 히트싱크; 방열 수치해석,"자동차 LED 헤드램프 방열용 히트싱크의 설계요소 변화에 따른 방열특성을 수치해석한 논문 (2012)으로, LED 램프 방열 설계 자료로 활용 가능. 접근: 상세페이지확인(ScienceON)."
SL-CAND-0172,173,SL,LED 전조등,소재(열전도성 플라스틱)·불량원인(방열),논문,열전도성 플라스틱을 적용한 자동차 LED 전조등 방열구조 연구,,,,2015,https://koreascience.kr/article/JAKO201523964822617.pdf,koreascience.kr,원문접근가능,ko,주력,열전도성 플라스틱; 방열구조; 열 해석,"열전도성 플라스틱을 적용해 제한 공간에서 효과적인 방열구조를 설계·열해석한 자동차 LED 전조등 연구 논문 (2015)으로, 방열 소재·설계 자료로 활용 가능. 접근: 원문접근가능(PDF)."
SL-CAND-0173,174,SL,LED 전조등,불량원인(방열성능),논문,차량용 LED 전조등 방열성능에 관한 연구,,,,2014,https://www.ksae.org/func/download_journal.php?path=L2hvbWUvdmlydHVhbC9rc2FlL2h0ZG9jcy91cGxvYWQvam91cm5hbC9BYnN0cmFjdF8xNTY1ODM2NjU0Xzk1NDYucGRm&filename=S1NBRUZDU18yMDE0MTExOV8xMzk1LTEzOTYucGRm&bsid=29262,www.ksae.org,원문접근가능,ko,주력,LED 전조등; 히트파이프; 방열성능,"히트파이프·냉각팬·히트싱크 등 방열 방식을 비교 검토한 차량용 LED 전조등 방열성능 연구 논문 (한국자동차공학회, 2014)으로, LED 방열 기술 자료로 활용 가능. 접근: 원문접근가능(학회논문 PDF)."
SL-CAND-0174,175,SL,LED 전조등,불량원인(방열 최적화),논문,승용차용 LED 전조등 방열 성능 최적화에 관한 연구,,,,,https://www.kais99.org/jkais/journal/v13n1/05/45xt/45xt.pdf,www.kais99.org,원문접근가능,ko,주력,MCPCB LED; 방열 최적화; 히트파이프,"18W·24W급 MCPCB LED 시제품으로 히트싱크·히트파이프·팬을 고려해 방열 성능을 최적화한 승용차 LED 전조등 연구 논문 으로, LED 방열 설계 자료로 활용 가능. 접근: 원문접근가능(PDF)."
SL-CAND-0175,176,SL,차량 램프용 히트싱크,소재(탄소계 코팅)·공정(제조방법),특허,방열성능이 향상된 차량 램프용 히트싱크 및 그 제조방법,,,,,https://patents.google.com/patent/WO2020139034A1/ko,patents.google.com,원문접근가능,ko,주력,히트싱크; 탄소계 코팅액; 방열핀 생략,"탄소계 코팅액 도포로 방열성능을 향상하고 방열핀을 생략해 경량화한 차량 램프용 히트싱크 및 제조방법 특허 로, 램프 방열 소재·공정 자료로 활용 가능. 접근: 원문접근가능."
SL-CAND-0176,177,SL,헤드램프(히트싱크),불량원인(방열 핀 구조),특허,방열 성능이 향상된 히트 싱크 및 이를 구비하는 차량용 헤드 ...,,,,,https://patents.google.com/patent/KR102100086B1/ko,patents.google.com,원문접근가능,ko,주력,방열 핀; 리플렉터; 헤드램프,"리플렉터 주위에 복수의 방열 핀을 설치해 부피를 줄이면서 방열 성능을 향상한 차량용 헤드램프 히트싱크 특허 로, 램프 방열 구조 자료로 활용 가능. 접근: 원문접근가능."
SL-CAND-0177,178,SL,LED 전조등(방열판),불량원인(열전달·열응력),논문,자동차 LED 전조등 방열판 형상에 따른 융합 연구,,,,2017,https://www.kci.go.kr/kciportal/landing/article.kci?arti_id=ART002207034,www.kci.go.kr,상세페이지확인,ko,주력,방열판 형상; 열응력; 열전달,"LED 전조등 방열판 형상에 따른 열전달과 열응력을 비교 분석한 논문 (최계광, 2017)으로, 방열판 형상별 내구성 자료로 활용 가능. 접근: 상세페이지확인(KCI)."
SL-CAND-0178,179,SL,LED 조명(방열 점착 테이프),소재(방열 점착 테이프),연구보고서,[보고서]자동차 LED 조명용 방열 점착 테이프 개발 - ScienceON,,,,,https://scienceon.kisti.re.kr/srch/selectPORSrchReport.do?cn=TRKO202400003545,scienceon.kisti.re.kr,원문접근가능,ko,준주력,방열 점착 테이프; LED 조명; 최종보고서,"자동차 LED 조명용 방열 점착 테이프 개발 최종보고서 (김성현)로, LED 램프 방열 부품 소재 자료로 활용 가능. 접근: 상세페이지확인(ScienceON 원문보기)."
SL-CAND-0179,180,SL,자동차 램프 렌즈,공정(이중사출)·설비(금형),특허,[특허]턴테이블 방식의 이중사출금형 및 이를 이용하여 제조된 ...,,,,,https://scienceon.kisti.re.kr/srch/selectPORSrchPatent.do?cn=KOR1020110018480,scienceon.kisti.re.kr,상세페이지확인,ko,주력,이중사출금형; 턴테이블; 램프 렌즈,"턴테이블 회전으로 1차·2차 성형물을 연속 사출하는 이중사출금형 및 이로 제조되는 자동차 램프 렌즈 특허 로, 램프 렌즈 사출 금형·공정 자료로 활용 가능. 접근: 상세페이지확인(ScienceON 특허)."
SL-CAND-0180,181,SL,램프 스위치,불량원인(스위치 구조),특허,KR100500286B1 - 자동차용 램프 스위치 장치,,,,,https://patents.google.com/patent/KR100500286B1/ko,patents.google.com,원문접근가능,ko,비주력,램프 스위치; 비상등; 원터치 점등,"한 번의 동작으로 미등·전조등·비상등을 점등하는 자동차용 램프 스위치 장치 특허(KR100500286B1) 로, 램프 스위치 구조 자료로 활용 가능. 접근: 원문접근가능."
SL-CAND-0181,182,SL,리어램프(장착 구조),공정(장착·조립),특허,KR100792418B1 - 리어 램프 장착 구조,,,,,https://patents.google.com/patent/KR100792418B1/ko,patents.google.com,원문접근가능,ko,주력,리어램프; 트렁크 리드 패널; 인서트 볼트,"리어램프 하우징을 트렁크 리드 패널에 인서트 볼트로 조립 체결하는 리어 램프 장착 구조 특허(KR100792418B1) 로, 리어램프 장착·조립 자료로 활용 가능. 접근: 원문접근가능."
SL-CAND-0182,183,SL,전조등(테스터),표준(전조등 테스터)·검사,표준,국가표준 상세 | e나라 표준인증,,,,,https://www.standard.go.kr/KSCI/standardIntro/getStandardSearchView.do?menuId=503&topMenuId=502&ksNo=KSR5064&tmprKsNo=KSR5064&reformNo=05,www.standard.go.kr,원문접근가능,ko,주력,KS R 5064; 전조등 테스터; 광도 조준,"자동차용 전조등 테스터(KS R 5064)의 e나라표준인증 국가표준 상세 페이지 로, 전조등 광도·조준 조절 검사 장비 기준 원문 확인 가능. 접근: 상세페이지확인(KS원문보기 제공)."
SANGSIN-CAND-0183,184,상신브레이크,브레이크 패드,설비(마찰재 성형장치),특허,KR101534125B1 - 브레이크 패드 마찰재 성형장치,,,,,https://patents.google.com/patent/KR101534125B1/zh,patents.google.com,원문접근가능,ko,주력,마찰재 성형장치; 브레이크패드; 등록특허,"자동차용 브레이크 패드의 마찰재 성형장치에 관한 등록특허(KR101534125B1) 로, 패드 마찰재 성형 설비 자료로 활용 가능. 접근: 원문접근가능."
SANGSIN-CAND-0184,185,상신브레이크,브레이크 패드,설비(성형장치),특허,KR100590180B1 - 자동차용 브레이크패드 성형장치,,,,,https://patents.google.com/patent/KR100590180B1/ko,patents.google.com,원문접근가능,ko,주력,브레이크패드 성형장치; 압축스프링; 중판,"압축스프링과 인출가이드핀을 이용한 중판 구조의 자동차용 브레이크패드 성형장치 특허(KR100590180B1) 로, 패드 성형 설비 자료로 활용 가능. 접근: 원문접근가능."
SANGSIN-CAND-0185,186,상신브레이크,디스크 브레이크 패드,불량원인(압력 불균일)·설비(성형장치),특허,KR20080097002A - 자동차 디스크 브레이크용 패드 성형장치,,,,,https://patents.google.com/patent/KR20080097002A/ko,patents.google.com,원문접근가능,ko,주력,패드 성형장치; 압력 불균형; 불량 저감,"성형실별 압력 불균일로 인한 불량 발생을 저감하는 유지보수 용이형 디스크 브레이크 패드 성형장치 특허 로, 패드 성형 불량원인·설비 자료로 활용 가능. 접근: 원문접근가능."
SANGSIN-CAND-0186,187,상신브레이크,브레이크 패드,공정(예비성형·본성형),특허,자동차용 브레이크 패드 성형방법 및 그 장치,,,,2000,https://patents.google.com/patent/KR20110023210A/ko,patents.google.com,원문접근가능,ko,주력,예비성형; 성형 압력; 패드 제조,"1800~2000kgf/㎠ 예비성형 후 본성형하는 2단계 자동차용 브레이크 패드 성형방법 및 장치 특허 로, 패드 성형 공정 조건 자료로 활용 가능. 접근: 원문접근가능."
SANGSIN-CAND-0187,188,상신브레이크,브레이크 패드 스프링,공정(코팅·건조),특허,KR101984056B1 - 브레이크 패드 스프링 및 그 제조방법,,,,,https://patents.google.com/patent/KR101984056B1/ko,patents.google.com,원문접근가능,ko,준주력,패드 스프링; 탄성코팅; 건조 경화,"탄성코팅·건조 단계를 포함하는 브레이크 패드 스프링 및 그 제조방법 등록특허(KR101984056B1) 로, 패드 스프링 제조 공정 자료로 활용 가능. 접근: 원문접근가능."
SANGSIN-CAND-0188,189,상신브레이크,브레이크 패드,공정(패드 제조 공정도),제조사 기술자료,마찰재의 제조공정,,,,,http://www.hsbrake.com/sub.php?menucode=020105,www.hsbrake.com,상세페이지확인,ko,주력,패드 제조 공정도; 가공; 세척,"패드 제조업체의 마찰재 제조공정 기술 페이지로 가공·세척 등 공정도를 수록 하고 있어, 패드 제조 공정 개요 자료로 활용 가능. 접근: 상세페이지확인(제조사 기술자료)."
SANGSIN-CAND-0189,190,상신브레이크,브레이크 마찰재,불량원인(환경별 마찰계수 변화),논문,[논문]외부환경에 따른 마찰재의 마찰계수 변화 특성에 대한 ...,,,,2015,https://scienceon.kisti.re.kr/srch/selectPORSrchArticle.do?cn=JAKO201533678767906,scienceon.kisti.re.kr,상세페이지확인,ko,주력,마찰계수 변화; 외부환경; 마찰재,"외부 환경 조건에 따른 마찰재의 마찰계수 변화 특성을 다룬 논문 (2015)으로, 마찰재 환경 의존 특성(불량원인) 자료로 활용 가능. 접근: 상세페이지확인(ScienceON)."
SANGSIN-CAND-0190,191,상신브레이크,브레이크 패드,불량원인(페이드)·검사(다이나모 시험),논문,브레이크 패드 형상에 따른 제동시 페이드 특성에 관한 연구,,,,,https://www.ksae.org/func/download_journal.php?path=L2hvbWUvdmlydHVhbC9rc2FlL2h0ZG9jcy91cGxvYWQvam91cm5hbC9BYnN0cmFjdF8xNTY1ODM2MTY3XzM0NDYucGRm&filename=MTlTS1NBRV9DMDE1LnBkZg==&bsid=24502,www.ksae.org,원문접근가능,ko,주력,페이드 특성; 패드 형상; 다이나모미터,"다이나모미터 페이드 시험으로 브레이크 패드 형상이 페이드 특성에 미치는 영향을 확인한 논문 (한국자동차공학회)으로, 패드 페이드(불량원인) 시험 자료로 활용 가능. 접근: 원문접근가능(학회논문 PDF)."
SANGSIN-CAND-0191,192,상신브레이크,브레이크 마찰재,불량원인(stick-slip 현상),논문,[논문]브레이크 마찰재의 stick-slip 현상에 관한 연구,,,,,https://scienceon.kisti.re.kr/srch/selectPORSrchArticle.do?cn=DIKO0010535487,scienceon.kisti.re.kr,원문접근가능,ko,주력,stick-slip; 마찰 진동; 크리프,"브레이크 마찰재의 stick-slip 현상을 다룬 연구 논문 으로, 마찰재 진동·소음(불량원인) 메커니즘 자료로 활용 가능. 접근: 상세페이지확인(ScienceON 원문보기)."
PHA-CAND-0192,193,PHA,웨더스트립,불량원인(영구변형 예측),논문,자동차용 웨더스트립의 영구변형 예측,,,,,https://www.kci.go.kr/kciportal/ci/sereArticleSearch/ciSereArtiView.kci?sereArticleSearchBean.artiId=ART001453512,www.kci.go.kr,상세페이지확인,ko,비주력,웨더스트립; 영구변형; 수치해석,"자동차용 웨더스트립의 영구변형을 수치해석으로 예측한 논문 으로, 웨더스트립 압축 영구변형(불량원인) 자료로 활용 가능. 접근: 상세페이지확인(KCI)."
PHA-CAND-0193,194,PHA,도어 힌지,불량원인(닫힘 속도 제어),특허,KR101417664B1 - 자동차의 도어 힌지 장치,,,,,https://patents.google.com/patent/KR101417664B1/ko,patents.google.com,원문접근가능,ko,주력,도어 힌지; 회전저항; 닫힘 속도,"일정 속도 이상으로 세게 닫을 때만 회전저항을 발생시켜 닫힘 속도를 제어하는 자동차 도어 힌지 장치 특허(KR101417664B1) 로, 도어 힌지 닫힘 성능 자료로 활용 가능. 접근: 원문접근가능."
PHA-CAND-0194,195,PHA,웨더스트립,소재(EPDM 고무 조성물),특허,내압축변형성이 우수한 웨더스트립 고무 조성물,,,,,https://patents.google.com/patent/KR20020066410A/ko,patents.google.com,원문접근가능,ko,비주력,EPDM; 내압축변형성; 고무 조성물,"EPDM 기반 내압축변형성 웨더스트립 고무 조성물 특허 로, 웨더스트립 소재(고무 조성) 자료로 활용 가능. 접근: 원문접근가능."
PHA-CAND-0195,196,PHA,도어 웨더스트립,불량원인(접촉해석·실링성),논문,비선형 유한요소법을 이용한 자동차 도어 웨더스트립의 접촉 ...,,,,2005,https://koreascience.kr/article/JAKO200502637406301.pdf,koreascience.kr,원문접근가능,ko,비주력,비선형 유한요소법; 접촉해석; 실링성,"비선형 유한요소법으로 웨더스트립의 실링성·압축 영구변형·도어 닫힘 성능을 접촉해석한 논문 (2005)으로, 웨더스트립 접촉 해석 자료로 활용 가능. 접근: 원문접근가능(PDF)."
PHA-CAND-0196,197,PHA,도어패널,불량원인(도어패널 구조),특허,차량의 도어 | 특허,,,,,https://k-knowledge.kr/srch/read.jsp?id=267742801,k-knowledge.kr,상세페이지확인,ko,비주력,도어패널; 윈도우 글래스; 구조 설계,"윈도우 글래스의 일부를 가리는 도어패널 구조를 제안한 차량의 도어 특허 로, 도어패널 구조 설계 자료로 활용 가능. 접근: 상세페이지확인(통합기술플랫폼)."
SANGSIN-CAND-0197,198,상신브레이크,브레이크 장치,불량원인(소음 저감 구조),특허,KR970006318U - 자동차 브레이크장치의 소음저감구조,,,,,https://patents.google.com/patent/KR970006318U/ko,patents.google.com,원문접근가능,ko,준주력,소음저감; 실용신안; 브레이크장치,"자동차 브레이크장치의 소음저감구조에 관한 실용신안 등록특허(KR970006318U) 로, 브레이크 소음 저감 구조 자료로 활용 가능. 접근: 원문접근가능."
SANGSIN-CAND-0198,199,상신브레이크,브레이크 패드,검사(성능시험장치)·설비,특허,자동차용 브레이크패드 성능시험장치,,,,,https://tlo.korea.ac.kr/patent/77504,tlo.korea.ac.kr,상세페이지확인,ko,주력,성능시험장치; 브레이크패드; 대학 보유 특허,"자동차용 브레이크패드 성능시험장치에 관한 대학 보유 특허 (고려대학교 산학협력단)로, 패드 성능 검사 설비 자료로 활용 가능. 접근: 상세페이지확인(기술이전 플랫폼)."
SANGSIN-CAND-0199,200,상신브레이크,캘리퍼(마운팅 브래킷),불량원인(진동 저감),특허,(19) 대한민국특허청(KR) (12) 등록특허공보(B1),,,,,https://patentimages.storage.googleapis.com/2d/27/27/a231eb199b95c8/KR101837112B1.pdf,patentimages.storage.googleapis.com,원문접근가능,ko,비주력,마운팅 브래킷; 진동 저감; 캘리퍼,"브리지에서 연장하는 한 쌍의 웹으로 마운팅 브래킷 진동을 저감하는 브레이크 등록특허(KR101837112B1) 로, 캘리퍼 진동 저감 구조 자료로 활용 가능. 접근: 원문접근가능(등록특허공보 PDF)."
SANGSIN-CAND-0200,201,상신브레이크,디스크 브레이크,불량원인(패드 편마모 예방),특허,KR100622473B1 - 자동차의 디스크브레이크 구조,,,,,https://patents.google.com/patent/KR100622473B1/ko,patents.google.com,원문접근가능,ko,준주력,피스톤 회전모멘트; 편마모; 디스크브레이크,"제동 시 피스톤 회전모멘트를 억제해 브레이크패드 편마모를 예방하는 자동차 디스크브레이크 구조 특허(KR100622473B1) 로, 패드 편마모(불량원인) 대책 자료로 활용 가능. 접근: 원문접근가능."
SL-CAND-0201,202,SL,헤드램프(제습제),불량원인(결로 방지)·소재(제습제),특허,자동차 헤드라이트 결로방지 제습제 및 제습제품,,,,,https://patents.google.com/patent/KR20210037863A/ko,patents.google.com,원문접근가능,ko,주력,결로방지; 제습제; 헤드라이트,"램프 렌즈 내부 표면 결로 현상을 방지하는 자동차 헤드라이트 결로방지 제습제 및 제습제품 특허 로, 램프 결로(불량원인) 대책 자료로 활용 가능. 접근: 원문접근가능."
SL-CAND-0202,203,SL,전조등(내면 코팅),공정(플라스마 코팅)·불량원인(김서림),제조사 기술자료,Openair-Plasma® | 헤드라이트용,,,,,https://www.plasmatreat.com/ko/industry-solutions/automotive/headlights,www.plasmatreat.com,원문접근가능,ko,주력,진공 플라스마; 김서림 방지; 코팅 공정,"진공 플라스마 공정을 이용한 자동차 전조등 내면 김서림 방지 코팅 적용 사례를 설명한 장비업체 기술자료 로, 램프 김서림 방지 코팅 공정 자료로 활용 가능. 접근: 원문접근가능(제조사 기술자료)."
SL-CAND-0203,204,SL,헤드램프(비구면 렌즈),불량원인(배광 설계),특허,차량용 헤드램프 비구면 렌즈 - KR100918274B1,,,,,https://patents.google.com/patent/KR100918274B1/ko,patents.google.com,원문접근가능,ko,주력,비구면 렌즈; 배광포인트; 광학 설계,"법규 배광포인트 범위 내에서 광원 빔을 배광하는 차량용 헤드램프 비구면 렌즈 등록특허(KR100918274B1) 로, 헤드램프 광학 설계 자료로 활용 가능. 접근: 원문접근가능."
SL-CAND-0204,205,SL,헤드램프(벤트),불량원인(결로 저감)·소재(점착형 벤트),제조사 기술자료,Automotive Vents - 고어코리아,,,,,https://kr.gore.com/sites/default/files/2017-02/Gore_AutomotiveVents_WhitePaper_ClearVisibility_KR_JUN15.pdf,kr.gore.com,원문접근가능,ko,주력,점착형 벤트; 결로 저감; 기술백서,"헤드램프 하우징 부착 점착형 벤트로 결로를 저감하는 자동차용 벤트 기술백서(한국어 PDF) 로, 램프 벤트·결로 대책 자료로 활용 가능. 접근: 원문접근가능(기술백서 PDF)."
PHA-CAND-0205,206,PHA,파워 윈도우,불량원인(자동 닫힘 제어),특허,KR200236520Y1 - 자동차 파워 윈도우 자동 닫힘장치,,,,,https://patents.google.com/patent/KR200236520Y1/ko,patents.google.com,원문접근가능,ko,준주력,파워 윈도우; 자동 닫힘; 메인스위치,"운전석 메인스위치로 차량 전체 창문을 동시 개폐하는 자동차 파워 윈도우 자동 닫힘장치 실용신안 특허 로, 파워 윈도우 제어 구조 자료로 활용 가능. 접근: 원문접근가능."
PHA-CAND-0206,207,PHA,글라스 런 채널,불량원인(밀착성·이물질 침투),특허,KR970034844A - 자동차 도어의 글라스 런 채널 구조,,,,,https://patents.google.com/patent/KR970034844A/ko,patents.google.com,원문접근가능,ko,비주력,글라스 런; 밀착성; 이물질 차단,"도어 글라스와의 밀착성을 높여 이물질 침투를 차단하는 자동차 도어의 글라스 런 채널 구조 특허 로, 글래스 런 실링 자료로 활용 가능. 접근: 원문접근가능."
PHA-CAND-0207,208,PHA,도어 글래스런,불량원인(글래스 지지 구조),특허,KR100803298B1 - 자동차 도어 글래스런 개선 구조,,,,,https://patents.google.com/patent/KR100803298B1/ko,patents.google.com,원문접근가능,ko,비주력,글래스런; 도어 프레임; 지지 구조,"도어 글래스가 완전히 닫힐 때 글래스와 도어 프레임 사이를 지지하는 자동차 도어 글래스런 개선 구조 등록특허(KR100803298B1) 로, 글래스런 구조 자료로 활용 가능. 접근: 원문접근가능."
PHA-CAND-0208,209,PHA,파워 윈도우,불량원인(닫힘·열림 제어),특허,파워 윈도우 닫힘 및 열림 제어방법 | 특허,,,,,https://k-knowledge.kr/srch/read.jsp?id=169301115,k-knowledge.kr,상세페이지확인,ko,준주력,파워 윈도우; 제어방법; 르노코리아,"르노코리아 출원의 파워 윈도우 닫힘 및 열림 제어방법 특허 로, 파워 윈도우 제어 기술 자료로 활용 가능. 접근: 상세페이지확인(통합기술플랫폼)."
PHA-CAND-0209,210,PHA,파워 윈도우 스위치,불량원인(스위치 결합 구조),특허,[특허]자동차의 파워윈도우 제어용 스위치장치,,,,,https://scienceon.kisti.re.kr/srch/selectPORSrchPatent.do?cn=KOR1019950043041,scienceon.kisti.re.kr,상세페이지확인,ko,준주력,파워윈도우 스위치; 커버 결합; 고안,"파워 윈도우 스위치 커버와 박스의 결합 구조를 개선한 파워윈도우 제어용 스위치장치 고안 특허 로, 파워 윈도우 스위치 구조 자료로 활용 가능. 접근: 상세페이지확인(ScienceON 특허)."
PHA-CAND-0210,211,PHA,도어(글래스 런 고정),공정(고정프레임 구조),특허,(19) 대한민국특허청(KR) (12) 공개특허공보(A),,,,2022,https://static.rndcircle.io/patent/public-full-text/1775004791007_anonymous_53289b04-22a1-4678-901c-696f4df6eeb8_1020220133372.pdf,static.rndcircle.io,원문접근가능,ko,비주력,고정프레임; 글래스 런 채널; 도어라인,"글래스 런 채널이 배치되는 도어라인과 동일 형태의 고정프레임을 구비한 도어 구조 공개특허(10-2022-0133372) 로, 글래스 런 고정 구조 자료로 활용 가능. 접근: 원문접근가능(공개특허공보 PDF)."
PHA-CAND-0211,212,PHA,도어 잠금 장치,불량원인(잠금 제어),특허,KR20040026720A - 자동차의 도어 잠금 제어장치,,,,,https://patents.google.com/patent/KR20040026720A/ko,patents.google.com,원문접근가능,ko,주력,도어 잠금; 제어장치; 리모콘,"운전석 도어 개폐를 감지해 모든 도어를 제어하는 자동차의 도어 잠금 제어장치 특허 로, 도어 잠금 제어 로직 자료로 활용 가능. 접근: 원문접근가능."
PHA-CAND-0212,213,PHA,도어(개폐감지센서),검사(개폐 감지)·안전,특허,(19) 대한민국특허청(KR) (12) 등록특허공보(B1),,,,,https://patentimages.storage.googleapis.com/98/fe/67/e859efca0e0547/KR101081152B1.pdf,patentimages.storage.googleapis.com,원문접근가능,ko,준주력,도어개폐감지센서; 개폐 여부; 도어 제어,"도어 개폐 여부를 감지하는 도어개폐감지센서를 포함한 도어 제어 등록특허(KR101081152B1) 로, 도어 개폐 감지 센서 자료로 활용 가능. 접근: 원문접근가능(등록특허공보 PDF)."
PHA-CAND-0213,214,PHA,도어(개방방지장치),안전(개방 정지)·검사(물체 감지),특허,자동차용 도어 개방방지장치 - 2026 식품 우수 유망기술 상담회,,,,2026,https://www.foodtechmatch.com/patent/36511,www.foodtechmatch.com,상세페이지확인,ko,준주력,도어 개방방지; 체커; 물체 감지,"체커로 도어 개방범위 내 물체를 감지해 도어 개방을 일시 정지시키는 자동차용 도어 개방방지장치 특허 로, 도어 안전(체커 연동) 자료로 활용 가능. 접근: 상세페이지확인(기술거래 플랫폼)."
PHA-CAND-0214,215,PHA,도어 개폐장치,안전(접근 감지),특허,KR19980046865A - 자동차 도어의 개폐장치,,,,,https://patents.google.com/patent/KR19980046865A/ko,patents.google.com,원문접근가능,ko,주력,감지센서; 도어 개폐; 접근 감지,"도어 외측면 감지센서로 물체 접근을 감지해 개폐를 제어하는 자동차 도어의 개폐장치 특허 로, 도어 개폐 안전 센서 자료로 활용 가능. 접근: 원문접근가능."
PHA-CAND-0215,216,PHA,도어(개폐 제어),안전(하차 인체 보호),특허,(19) 대한민국특허청(KR) (12) 공개특허공보(A),,,,2024,https://static.rndcircle.io/patent/public-full-text/1775003757415_anonymous_1be5d190-11cc-4a62-b5e4-7fd11f362244_1020240005964.pdf,static.rndcircle.io,원문접근가능,ko,주력,하차 안전; 알림신호; 도어 개폐 제어,"알림신호 방출 및 도어 일부 개방으로 하차 인체의 안전을 도모하는 자동차 도어 개폐 제어 공개특허(10-2024-0005964) 로, 도어 하차 안전 기술 자료로 활용 가능. 접근: 원문접근가능(공개특허공보 PDF)."
PHA-CAND-0216,217,PHA,도어(개폐 안전장치),안전(물체 감지·개폐 제한),특허,자동차 도어 개폐 안전장치 | 기술거래 플랫폼 아이피온,,,,,https://www.ipon.co.kr/patent/2186,www.ipon.co.kr,상세페이지확인,ko,준주력,도어 개폐 안전; 물체 감지; 개폐 제한,"차량 주변 물체 감지 시 도어 개폐를 제한하고 측방 접근 물체와 접촉 시 대응하는 자동차 도어 개폐 안전장치 특허 로, 도어 개폐 안전 센서 자료로 활용 가능. 접근: 상세페이지확인(기술거래 플랫폼)."
PHA-CAND-0217,218,PHA,도어(개폐 감지),검사(무선 감지·모니터링),특허,자동차 도어 개폐 감지 모니터링 시스템 | 특허,,,,,https://k-knowledge.kr/srch/read.jsp?id=266650848,k-knowledge.kr,상세페이지확인,ko,준주력,자가발전 센서; 무선 감지; 모니터링,"자가발전이 가능한 무선 감지센서로 도어 개폐를 감지하는 모니터링 시스템 특허 로, 도어 개폐 감지(검사) 기술 자료로 활용 가능. 접근: 상세페이지확인(통합기술플랫폼)."
PHA-CAND-0218,219,PHA,도어 클로저(도어스토퍼),불량원인(클로저 일체형 구조),특허,(19) 대한민국특허청(KR) (12) 공개특허공보(A),,,,2010,https://static.rndcircle.io/patent/public-full-text/1769967645929_anonymous_f3e4b203-b898-4051-a07e-d66238fe4257_1020100040654.pdf,static.rndcircle.io,원문접근가능,ko,주력,도어 클로저; 도어스토퍼; 스토퍼하우징,"스토퍼하우징과 지지부로 구성된 도어 클로저 일체형 도어스토퍼 공개특허(10-2010-0040654) 로, 도어 클로저·스토퍼 구조 자료로 활용 가능. 접근: 원문접근가능(공개특허공보 PDF)."
SANGSIN-CAND-0219,220,상신브레이크,브레이크 패드,소재(마찰재 조성)·공정(제조방법),특허,KR102264138B1 - 브레이크 패드용 마찰재와 이의 제조방법,,,,,https://patents.google.com/patent/KR102264138B1/ko,patents.google.com,원문접근가능,ko,주력,마찰재 조성; 황산바륨; 제조방법,"보강재·결합재·황산바륨/탄산칼슘 조성의 브레이크 패드용 마찰재와 이의 제조방법 등록특허(KR102264138B1) 로, 마찰재 조성·제조공정 자료로 활용 가능. 접근: 원문접근가능."
SANGSIN-CAND-0220,221,상신브레이크,브레이크 패드,공정(연삭)·설비,특허,브레이크 패드 마찰재 연속 연삭공정 및 그 장치,,,,,https://patents.google.com/patent/KR20090046366A/ko,patents.google.com,원문접근가능,ko,주력,연삭공정; 마찰재 가공; 연속 연삭,"브레이크 패드 마찰재를 연속으로 연삭 가공하는 연삭공정 및 장치 특허 로, 패드 가공(연삭) 공정·설비 자료로 활용 가능. 접근: 원문접근가능."
SANGSIN-CAND-0221,222,상신브레이크,브레이크 마찰재,소재(배합 설계)·검사(특성 분석),논문,알루미늄 합금 디스크용 마찰재의 제조 및 그 특성에 관한 연구,,,,,http://www.compositesres.org/journal/download/pdf/514,www.compositesres.org,원문접근가능,ko,주력,배합 설계; 알루미늄 합금 디스크; 마찰재 제조,"알루미늄 합금 디스크 개발을 위해 다양한 조성의 마찰재를 배합 설계·제작하고 특성을 분석한 논문 으로, 마찰재 배합 설계 자료로 활용 가능. 접근: 원문접근가능(학회지 PDF)."
SANGSIN-CAND-0222,223,상신브레이크,디스크 브레이크(분진 포집),안전(분진 포집)·설비,특허,(19) 대한민국특허청(KR) (12) 공개특허공보(A),,,,,https://patentimages.storage.googleapis.com/db/4e/24/87ef3f7d66f256/KR20240050184A.pdf,patentimages.storage.googleapis.com,원문접근가능,ko,준주력,마찰재 분진; 포집 장치; 제동 분진,"디스크 브레이크 제동 시 발생하는 마찰재 분진을 포집하는 장치 공개특허(KR20240050184A) 로, 제동계 분진(불량원인·안전) 대응 설비 자료로 활용 가능. 접근: 원문접근가능(공개특허공보 PDF)."
SANGSIN-CAND-0223,224,상신브레이크,브레이크 패드(백플레이트),소재(엔지니어링 플라스틱),특허,브레이크 패드용 백플레이트 | 특허,,,,,https://k-knowledge.kr/srch/read.jsp?id=268911148,k-knowledge.kr,상세페이지확인,ko,준주력,백플레이트; 엔지니어링 플라스틱; 경량화,"백플레이트 일측면에 엔지니어링 플라스틱 물질을 적용한 차량용 브레이크 패드 백플레이트 특허 로, 백플레이트 소재(경량화) 자료로 활용 가능. 접근: 상세페이지확인(통합기술플랫폼)."
SANGSIN-CAND-0224,225,상신브레이크,디스크 브레이크 패드,불량원인(진동 감쇄)·공정(제조방법),특허,(19) 대한민국특허청(KR) (12) 등록특허공보(B1),,,,,https://patentimages.storage.googleapis.com/02/13/47/8887f4a0c8ee69/KR100951974B1.pdf,patentimages.storage.googleapis.com,원문접근가능,ko,주력,스피곳홀; 진동 감쇄; 패드 제조,"백플레이트 스피곳홀에 진동 감쇄 효과를 갖춘 디스크브레이크용 브레이크패드 및 제조방법 등록특허(KR100951974B1) 로, 패드 진동 저감 구조·제조 자료로 활용 가능. 접근: 원문접근가능(등록특허공보 PDF)."
SANGSIN-CAND-0225,226,상신브레이크,브레이크 패드(백 플레이트),공정(블랭킹·성형)·소재(합성수지),특허,브레이크 패드용 백 플레이트 및 브레이크 패드의 제조방법,,,,,https://k-knowledge.kr/srch/read.jsp?id=267739407,k-knowledge.kr,상세페이지확인,ko,준주력,백 플레이트; 블랭킹; 합성수지 판형,"합성수지 판형 부재를 블랭킹·성형해 제작하는 브레이크 패드용 백 플레이트 및 제조방법 특허 로, 백플레이트 제조공정 자료로 활용 가능. 접근: 상세페이지확인(통합기술플랫폼)."
SANGSIN-CAND-0226,227,상신브레이크,브레이크 패드,공정(생산공정도: 혼합·열성형·경화),제조사 기술자료,브레이크 패드 생산공정도 (Pad Process),,,,,http://www.jbni.co.kr/products/brake/manufacturing-process,www.jbni.co.kr,상세페이지확인,ko,주력,패드 생산공정도; 열성형; 경화,"패드 제조업체의 브레이크 패드 생산공정도 페이지로 계량/혼합·열성형·경화 등 전 공정을 수록 하고 있어, 패드 제조공정 개요 자료로 활용 가능. 접근: 상세페이지확인(제조사 기술자료)."
SANGSIN-CAND-0227,228,상신브레이크,디스크 브레이크(제동 구조),불량원인(제동압 전달 구조),특허,(19) 대한민국 지식재산처(KR) (12) 공개특허공보(A),,,,2025,https://static.rndcircle.io/patent/public-full-text/1764372672547_anonymous_fbd26326-a081-4631-8e86-dc6536aa0be2_1020240040397.pdf,static.rndcircle.io,원문접근가능,ko,준주력,제동압력; 휠 실린더; 제동 구조,"휠 실린더 제동압력이 백플레이트와 마찰재를 통해 디스크에 전달되는 제동 구조를 다룬 공개특허(10-2025-0143493) 로, 제동계 구조 자료로 활용 가능. 접근: 원문접근가능(공개특허공보 PDF)."
SL-CAND-0228,229,SL,차량 프로젝션 램프,불량원인(지능형 제어),특허,공개특허 10-2024-0160832,,,,2024,https://static.rndcircle.io/patent/public-full-text/1775010843853_anonymous_9b291123-dbac-4b9b-ab76-05ae0fd088a9_1020230057634.pdf,static.rndcircle.io,원문접근가능,ko,주력,프로젝션 램프; 지능형 제어; 방향 지시등,"방향 지시등 점등 여부 등을 판단해 차량 프로젝션 램프를 제어하는 지능형 프로젝션 램프 제어 장치·방법 공개특허(10-2024-0160832) 로, 스마트 램프 제어 자료로 활용 가능. 접근: 원문접근가능(공개특허공보 PDF)."
SL-CAND-0229,230,SL,램프 베젤,공정(사출·표면처리),제조사 기술자료,램프,,,,,https://kbidongkook.com/?c=user&mcd=bezel,kbidongkook.com,상세페이지확인,ko,주력,베젤; 사출 공법; 표면처리,"차종별 베젤 사출 공법과 표면처리 기술을 설명하는 램프 부품 제조사 기술자료 로, 램프 베젤 사출·표면처리 공정 자료로 활용 가능. 접근: 상세페이지확인(제조사 기술자료)."
SL-CAND-0230,231,SL,사이드 리피터 램프,불량원인(빛 차단 리브 구조),특허,KR101394734B1 - 자동차의 사이드 리피터 램프,,,,,https://patents.google.com/patent/KR101394734B1/ko,patents.google.com,원문접근가능,ko,주력,사이드 리피터; 스몰 리브; 빛 차단,"발광면 빛을 복수의 스몰 리브로 나누어 차단하는 자동차의 사이드 리피터 램프 등록특허(KR101394734B1) 로, 리피터 램프 광학 구조 자료로 활용 가능. 접근: 원문접근가능."
SL-CAND-0231,232,SL,차량의 램프 모듈,불량원인(램프 모듈 구조),특허,차량의 램프 모듈 | 특허,,,,,https://k-knowledge.kr/srch/read.jsp?id=270787569,k-knowledge.kr,상세페이지확인,ko,주력,램프 모듈; 차체 센터부; 실내등,"차체 하부 센터부에 횡·종방향으로 설치되는 차량의 램프 모듈 특허 로, 차내 램프 모듈 구조 자료로 활용 가능. 접근: 상세페이지확인(통합기술플랫폼)."
COMMON-CAND-0232,233,공통,자동차 부품 생산라인,공정(CPS·디지털트윈),논문,자동차 부품 생산라인을 위한 CPS 플랫폼과 디지털트윈 ...,,,,,https://www.dbpia.co.kr/journal/articleDetail?nodeId=NODE10671859,www.dbpia.co.kr,상세페이지확인,ko,공통,CPS 플랫폼; 디지털트윈; 생산라인,"자동차 부품 생산라인을 위한 CPS 플랫폼과 디지털트윈을 개발·적용한 논문 으로, 부품 생산 스마트 제조 자료로 활용 가능. 접근: 상세페이지확인(DBpia)."
COMMON-CAND-0233,234,공통,자동차 부품(조립 검사),검사(비전검사기)·설비,논문,스마트공장 구축을 위한 자동차 부품 조립 검사기 설계 및 구현,,,,,https://www.dbpia.co.kr/journal/detail?nodeId=T14574107,www.dbpia.co.kr,상세페이지확인,ko,공통,스마트공장; 조립 검사기; 비전검사,"스마트공장 구축을 위해 비전검사기로 자동차 부품 조립을 검사하는 검사기 설계·구현 논문 으로, 부품 조립 검사 자동화 자료로 활용 가능. 접근: 상세페이지확인(DBpia)."
COMMON-CAND-0234,235,공통,자동차 프레스 공장,공정(디지털 트윈·3D 시각화),논문,Design of a Unity-based Digital Twin Control System ...,,,,,https://koreascience.kr/article/JAKO202516754004757.page,koreascience.kr,상세페이지확인,ko,공통,Unity; 디지털 트윈; 프레스 공장,"실제 자동차 프레스 공장의 물리적 환경·데이터를 가상 환경에 실시간 반영하는 Unity 기반 디지털 트윈 제어시스템 논문 으로, 프레스 공정 디지털 트윈 자료로 활용 가능. 접근: 상세페이지확인(KoreaScience)."
COMMON-CAND-0235,236,공통,자동차 부품(사출제조),검사(AI 비전 불량검출),논문,[논문]자동차 부품 사출제조공정의 AI 기반 Vision 불량검출 ...,,,,,https://scienceon.kisti.re.kr/srch/selectPORSrchArticle.do?cn=DIKO0016366269,scienceon.kisti.re.kr,원문접근가능,ko,공통,AI 비전; 불량검출; 사출제조공정,"자동차 부품 사출제조공정의 AI 기반 Vision 불량검출 기술을 다룬 논문 (SCC 부품 육안검사 자동화)으로, 부품 사출 불량 AI 검사 자료로 활용 가능. 접근: 상세페이지확인(ScienceON 원문보기)."
COMMON-CAND-0236,237,공통,자동차 부품 제조(스마트 공장),공정(스마트 공장)·검사(품질검사관리),제조사 기술자료,국내 자동차 부품 제조사 스마트 공장 구축 사례,,,,,https://www.samsungsds.com/kr/case-study/smart-factory-automobile.html,www.samsungsds.com,원문접근가능,ko,공통,스마트 공장; 품질검사관리; 구축 사례,"자동차 부품 제조사의 스마트 공장 구축 사례로 품질검사관리·공정관리·현장 모니터링 구성을 설명하는 IT기업 기술자료 로, 부품 제조 스마트 팩토리 구축 자료로 활용 가능. 접근: 원문접근가능(제조사 기술자료)."
COMMON-CAND-0237,238,공통,자동차 부품(비전 검사),검사(머신 비전),논문,스마트제조 자동화 공정 도입에 필요한 머신 비전,,,,2023,https://koreascience.kr/article/JAKO202317843225879.pdf,koreascience.kr,원문접근가능,ko,공통,머신 비전; 스마트제조; 검사 자동화,"스마트제조 자동화 공정에 필요한 머신 비전 검사 기술을 정리한 논문 (2023)으로, 부품 비전검사 자동화 자료로 활용 가능. 접근: 원문접근가능(PDF)."
COMMON-CAND-0238,239,공통,자동차부품(검사 자동화),검사(머신비전시스템)·설비,논문,자동차부품 검사 자동화를 위한 머신비전시스템 설계 연구,,,,,https://www.dbpia.co.kr/journal/articleDetail?nodeId=NODE07438204,www.dbpia.co.kr,상세페이지확인,ko,공통,머신비전시스템; 검사 자동화; 부품 검사,"자동차부품 검사 자동화를 위한 머신비전시스템 설계 연구 논문 으로, 부품 검사 자동화 설비 자료로 활용 가능. 접근: 상세페이지확인(DBpia)."
COMMON-CAND-0239,240,공통,자동차 부품 산업(스마트 팩토리),검사(품질전략)·공정(스마트 팩토리),논문,4차 산업혁명시대의 스마트 팩토리 구축을 위한 품질전략,,,,2020,https://pdfs.semanticscholar.org/916a/7955dfd1b55f0ad9263820f4c859e6f002bb.pdf,pdfs.semanticscholar.org,원문접근가능,ko,공통,스마트 팩토리; 품질전략; 4차 산업혁명,"4차 산업혁명 시대 스마트 팩토리 구축을 위한 품질전략을 다룬 논문 (HR Chong, 2020, 피인용 36회)으로, 부품 제조 품질전략 자료로 활용 가능. 접근: 원문접근가능(PDF)."
SL-CAND-0240,241,SL,자동차용 램프(설계·금형),공정(제품설계 모델링·금형 제작),연구보고서,자동차용 램프설계의 제품설계 모델링에서 금형제작까지 ...,,,,,https://www.reseat.or.kr/portal/cmmn/file/fileDown.do?menuNo=200019&atchFileId=b196db03b05043bd8e2fcda8fabe2cfd&fileSn=1&bbsId=,www.reseat.or.kr,원문접근가능,ko,주력,램프 설계; 금형 제작; 기술동향,"자동차용 램프 설계의 제품설계 모델링에서 금형 제작까지의 고효율화 추진 방안을 다룬 KISTI 전문연구위원 기술동향 자료 로, 램프 설계→금형 제작 프로세스 자료로 활용 가능. 접근: 원문접근가능(PDF)."
SL-CAND-0241,242,SL,LED 렌즈(사출),불량원인(사출 결함)·공정,제조사 기술자료,일반적인 LED 렌즈 사출 성형 결함 및 솔루션,,,,,https://sungplastic.com/ko/led-lens-injection-molding-defects-and-solutions/,sungplastic.com,원문접근가능,ko,주력,LED 렌즈; 사출 결함; 기포·웰드라인,"LED 렌즈 사출 성형의 기포·웰드라인 등 일반적 결함 유형과 솔루션을 정리한 사출업체 기술자료 로, 렌즈 사출 결함(불량원인) 대책 자료로 활용 가능. 접근: 원문접근가능(제조사 기술자료)."
SL-CAND-0242,243,SL,차량용 램프(조립),설비(자동조립장치)·공정(조립),특허,KR102091487B1 - 차량용 램프의 자동조립장치,,,,,https://patents.google.com/patent/KR102091487B1/ko,patents.google.com,원문접근가능,ko,주력,자동조립장치; 램프 조립; 안착부,"램프 공정·조립용 설비를 실장하고 안착부로 램프를 공정·조립하는 차량용 램프의 자동조립장치 등록특허(KR102091487B1) 로, 램프 조립 자동화 설비 자료로 활용 가능. 접근: 원문접근가능."
SL-CAND-0243,244,SL,자동차 램프(볼트 체결),설비(협동로봇)·공정(조립 자동화),제조사 기술자료,협동로봇 이용한 자동차 램프 볼트 체결,,,2022-03-02,2022,https://naurobot.com/%EB%B3%BC%ED%8A%B8-%EC%B2%B4%EA%B2%B0/,naurobot.com,원문접근가능,ko,주력,협동로봇; 볼트 체결; 조립 자동화,"협동로봇으로 자동차 램프 볼트를 정확하게 조립·체결하는 자동화 적용 사례를 설명한 로봇 제조사 기술자료 로, 램프 조립 자동화 사례 자료로 활용 가능. 접근: 원문접근가능(제조사 기술자료)."
SL-CAND-0244,245,SL,안개등·DRL 램프,불량원인(램프 모듈 통합 구조),특허,[특허]자동차의 램프 장치 - ScienceON,,,,,https://scienceon.kisti.re.kr/srch/selectPORSrchPatent.do?cn=KOR1020110100803,scienceon.kisti.re.kr,상세페이지확인,ko,주력,안개등; DRL; 램프 통합,"안개등과 DRL(Daytime Running Light)을 하나로 통합한 자동차의 램프 장치 특허 로, 램프 모듈 통합 설계 자료로 활용 가능. 접근: 상세페이지확인(ScienceON 특허)."
SL-CAND-0245,246,SL,램프 렌즈·반사경(하드코팅),공정(UV 경화 코팅),제조사 기술자료,밀텍UV - 자동차,,,,,https://www.miltec.com/ko/industries/automotive/,www.miltec.com,원문접근가능,ko,주력,UV 경화; 하드코팅; BMC 반사경,"헤드램프·테일 렌즈, 반사경(BMC) 하드코팅·베젤 등 자동차 램프 부품의 UV 경화 응용을 설명하는 UV장비 제조사 기술자료 로, 램프 코팅 경화 공정 자료로 활용 가능. 접근: 원문접근가능(제조사 기술자료)."
SL-CAND-0246,247,SL,램프 렌즈(사출 금형),설비(금형 설계)·불량원인(웰드라인),제조사 기술자료,램프 렌즈 사출 금형 설계·제작 | LIZHI,,,,,https://www.chinamoldworks.com/ko/mould-service/lighting-moulds/lamp-lens.html,www.chinamoldworks.com,원문접근가능,ko,주력,렌즈 금형; 웰드라인; 이젝터 자국,"배기·웰드라인 위치 관리와 이젝터 자국 배치 등 램프 렌즈 사출 금형 설계 기준을 설명하는 금형 제조사 기술자료 로, 렌즈 금형 설계 자료로 활용 가능. 접근: 원문접근가능(제조사 기술자료)."
SL-CAND-0247,248,SL,리어램프(인서트 렌즈),공정(인서트 사출·접합),연구보고서,[보고서]인서트 사출성형방식에 의한 자동차 리어램프 생산 ...,,,,,https://scienceon.kisti.re.kr/srch/selectPORSrchReport.do?cn=TRKO201700006835,scienceon.kisti.re.kr,원문접근가능,ko,주력,인서트 사출; 리어램프; 렌즈 접합,"수작업에 의존하던 리어램프 ASS'Y 렌즈와 인서트 렌즈의 최적 접합을 위한 인서트 사출성형방식 생산 기술지원 연구보고서 로, 리어램프 사출·접합 공정 자료로 활용 가능. 접근: 상세페이지확인(ScienceON 원문보기)."
SL-CAND-0248,249,SL,램프(발광 모듈),공정(인서트 사출),특허,1 - 공개특허 10-2024-0104417,,,,2024,https://patentimages.storage.googleapis.com/f6/26/78/5c555d4c095083/KR20240104417A.pdf,patentimages.storage.googleapis.com,원문접근가능,ko,주력,투명필름; 인서트 사출; 발광 모듈,"투명필름과 조명회로부를 인서트 사출 금형에 고정해 성형하는 발광 모듈 관련 공개특허(10-2024-0104417) 로, 램프 인서트 사출 공정 자료로 활용 가능. 접근: 원문접근가능(공개특허공보 PDF)."
SL-CAND-0249,250,SL,자동차용 램프(사출 성형),공정(사출 CAE 최적화)·불량원인(웰드라인),연구보고서,[보고서]자동차용 램프 생산을 위한 금형/성형 기술지원,,,,,https://scienceon.kisti.re.kr/srch/selectPORSrchReport.do?cn=TRKO201200004606,scienceon.kisti.re.kr,원문접근가능,ko,주력,사출성형 CAE; 게이트 위치; 웰드라인,"사출성형 CAE로 게이트 위치·냉각·사출조건을 최적화하고 웰드라인 등 외관 품질을 개선한 자동차용 램프 생산 금형/성형 기술지원 연구보고서 로, 램프 사출 품질 자료로 활용 가능. 접근: 상세페이지확인(ScienceON 원문보기)."
SANGSIN-CAND-0250,251,상신브레이크,브레이크 캘리퍼,공정(스퀴즈 주조),특허,KR101435881B1 - 브레이크 캘리퍼의 제조 방법,,,,,https://patents.google.com/patent/KR101435881B1/ko,patents.google.com,원문접근가능,ko,비주력,스퀴즈 주조; 캘리퍼 제조; 주조 결함,"얇은 부위와 두터운 부위가 혼재하는 캘리퍼를 스퀴즈 주조 방식으로 고품질 제조하는 브레이크 캘리퍼의 제조 방법 등록특허(KR101435881B1) 로, 캘리퍼 주조 공정 자료로 활용 가능. 접근: 원문접근가능."
SANGSIN-CAND-0251,252,상신브레이크,캘리퍼 브래킷(주조),불량원인(주조 결함)·검사(시뮬레이션),제조사 기술자료,Casting Defect Analysis on Caliper Bracket using Mold ...,,,,,https://flow3d.co.kr/casting-defect-analysis-on-caliper-bracket-using-mold-flow-simulation/,flow3d.co.kr,원문접근가능,ko,비주력,주조 결함; 금형 흐름 시뮬레이션; 캘리퍼 브래킷,"주조 시뮬레이션으로 캘리퍼 브래킷의 주조 결함을 분석한 기술자료 로, 캘리퍼 브래킷 주조 결함(불량원인) 분석 자료로 활용 가능. 접근: 원문접근가능(시뮬레이션 업체 기술자료)."
SANGSIN-CAND-0252,253,상신브레이크,브레이크(제동력 평가),검사(ADAS 모드별 제동력 시험)·설비,논문,[논문]ADAS 모드별 브레이크 제동력 시험평가 다이나모미터 개발,,,,,https://scienceon.kisti.re.kr/srch/selectPORSrchArticle.do?cn=DIKO0015054609,scienceon.kisti.re.kr,원문접근가능,ko,준주력,ADAS; 제동력 시험; 다이나모미터,"ADAS 모드별 브레이크 제동력을 시험 평가하는 다이나모미터 개발 연구 논문(학위논문) 으로, ADAS 대응 제동 시험 설비 자료로 활용 가능. 접근: 상세페이지확인(ScienceON 원문보기)."
SANGSIN-CAND-0253,254,상신브레이크,디스크 브레이크(알루미늄),검사(성능 실험·해석),논문,알루미늄 디스크 브레이크의 성능 실험 및 해석에 관한 연구,,,,,https://www.dbpia.co.kr/journal/articleDetail?nodeId=NODE02333812,www.dbpia.co.kr,상세페이지확인,ko,비주력,알루미늄 디스크; 성능 실험; 제동 해석,"알루미늄 디스크 브레이크의 성능 실험 및 해석에 관한 연구 논문 으로, 알루미늄 디스크 제동성능 자료로 활용 가능. 접근: 상세페이지확인(DBpia)."
SANGSIN-CAND-0254,255,상신브레이크,브레이크 패드(고정 구조),불량원인(패드 걸림·고정 구조),특허,(19) 대한민국특허청(KR) (12) 공개특허공보(A),,,,2016,http://bizcomm.kr/data/file/tech/1893245254_GQ7yzOTH_1020160159553.pdf,bizcomm.kr,원문접근가능,ko,주력,패드 고정; 걸림부재; 패드 조립,"브레이크패드가 접촉위치로 이동되며 걸림부재와 걸림·결합되는 패드 고정 구조 공개특허(10-2016-0159553) 로, 패드 고정·조립 구조 자료로 활용 가능. 접근: 원문접근가능(공개특허공보 PDF)."
PHA-CAND-0255,256,PHA,도어 아웃사이드 미러부(인너커버),공정(미러부 조립),특허,차량 도어 아웃사이드 미러부의 쿼드런트 인너커버 조립구조,,,,,https://patents.google.com/patent/KR20060064773A/ko,patents.google.com,원문접근가능,ko,비주력,쿼드런트 인너커버; 미러 마운팅; 조립 구조,"미러 마운팅 볼트의 고무패드 부착 걸림와셔와 결합하는 도어 아웃사이드 미러부 쿼드런트 인너커버 조립구조 특허 로, 도어 미러부 조립 공정 자료로 활용 가능. 접근: 원문접근가능."
PHA-CAND-0256,257,PHA,도어 아웃사이드 핸들,검사(측면 충돌 시험)·설비,특허,KR101755928B1 - 자동차의 도어 아웃사이드 핸들 시험 장치,,,,,https://patents.google.com/patent/KR101755928B1/ko,patents.google.com,원문접근가능,ko,준주력,아웃사이드 핸들; 측면 충돌; 시험 장치,"도어 아웃사이드 핸들 장착 상태에서 측면 충돌 평가를 수행하는 도어 아웃사이드 핸들 시험 장치 등록특허(KR101755928B1) 로, 핸들 측면충돌 시험 설비·검사 자료로 활용 가능. 접근: 원문접근가능."
PHA-CAND-0257,258,PHA,도어 래치(전동식),안전(오작동 방지)·불량원인,특허,차량용 도어 래치 | 특허,,,,,https://k-knowledge.kr/srch/read.jsp?id=282454339,k-knowledge.kr,상세페이지확인,ko,주력,도어 래치; 안전 블록; 웜 휠,"전장화에 따른 오작동 안전문제를 개선해 안전 블록 록 위치에서 웜 휠의 오픈방향 회전을 차단하는 차량용 도어 래치 특허 로, 전동 래치 안전 구조 자료로 활용 가능. 접근: 상세페이지확인(통합기술플랫폼)."
SANGSIN-CAND-0258,259,상신브레이크,브레이크 패드 쉼(Shim),소재(NBR 코팅)·공정(국산화 개발),연구보고서,[보고서]자동차 Brake Pad Shim 국산화 개발,,,,,https://scienceon.kisti.re.kr/srch/selectPORSrchReport.do?cn=TRKO201800036379,scienceon.kisti.re.kr,원문접근가능,ko,준주력,패드 쉼 국산화; NBR 코팅; Pre-treatment,"강판 Pre-treatment와 NBR 코팅용액·코팅기술 개발을 통한 자동차 Brake Pad Shim 국산화 개발 연구보고서 로, 패드 쉼(소음 대책 부품) 국산화 자료로 활용 가능. 접근: 상세페이지확인(ScienceON 원문보기)."
SANGSIN-CAND-0259,260,상신브레이크,브레이크 마찰재,소재(구리 대체 세라믹)·공정,연구보고서,[보고서]자동차 브레이크 마찰재용 친환경(Cu 0.5wt% 이하) ...,,,,,https://scienceon.kisti.re.kr/srch/selectPORSrchReport.do?cn=TRKO202200007254,scienceon.kisti.re.kr,원문접근가능,ko,주력,Cu-free; 세라믹 원소재; 친환경 마찰재,"구리 대체 세라믹 원소재 제조·공정기술을 개발한 친환경(Cu 0.5wt% 이하) 마찰재 연구보고서 로, Cu-free 마찰재 국산화 자료로 활용 가능. 접근: 상세페이지확인(ScienceON 원문보기)."
PHA-CAND-0260,261,PHA,자동차부품(표면처리),불량원인(부식)·검사(평가법),논문,표면처리(도금&도장)된 자동차부품의 부식방지 및 평가법에 ...,,,,,https://www.dbpia.co.kr/journal/articleDetail?nodeId=NODE07593954,www.dbpia.co.kr,상세페이지확인,ko,준주력,부식방지; 도금·도장; 평가법,"표면처리(도금·도장)된 자동차부품의 부식방지 및 평가법을 다룬 논문 으로, 도어 힌지·백플레이트 등 부품 부식 평가 자료로 활용 가능. 접근: 상세페이지확인(DBpia)."
PHA-CAND-0261,262,PHA,도어패널,공정(진공점진성형)·불량원인(변형),논문,진공점진성형을 적용한 자동차 도어패널 제품의 변형 특성 분석,,,,2022,https://www.dbpia.co.kr/journal/articleDetail?nodeId=NODE11194686,www.dbpia.co.kr,상세페이지확인,ko,비주력,진공점진성형; 도어패널; 변형 특성,"진공점진성형을 적용한 자동차 도어패널 제품의 변형 특성을 분석한 논문 (윤형원, 한국소성·가공학회, 2022)으로, 도어패널 성형 변형 자료로 활용 가능. 접근: 상세페이지확인(DBpia)."
PHA-CAND-0262,263,PHA,자동차 도어(헤밍),공정(헤밍)·불량원인(결함 예측),논문,3차원 유한요소해석을 이용한 자동차 도어의 헤밍 결함 예측 - 논문,,,,,https://www.dbpia.co.kr/journal/articleDetail?nodeId=NODE06724062,www.dbpia.co.kr,상세페이지확인,ko,비주력,헤밍 결함; 유한요소해석; 도어 접음,"3차원 유한요소해석으로 자동차 도어의 헤밍 결함을 예측한 논문 으로, 도어 헤밍(접음) 공정 결함 자료로 활용 가능. 접근: 상세페이지확인(DBpia)."
PHA-CAND-0263,264,PHA,자동차 도어,소재(고장력강)·공정(개발 프로세스),논문,고장력강을 이용한 자동차 경량 도어 개발 프로세스 - 논문,,,,,https://dbpia.co.kr/journal/articleDetail?nodeId=NODE07106478,dbpia.co.kr,상세페이지확인,ko,비주력,고장력강; 경량 도어; 개발 프로세스,"고장력강을 이용한 자동차 경량 도어 개발 프로세스(개념설계→해석→시제품 평가)를 다룬 논문 으로, 도어 개발·소재 자료로 활용 가능. 접근: 상세페이지확인(DBpia)."
PHA-CAND-0264,265,PHA,자동차 도어(헤밍),불량원인(잔류응력·헤밍 결함),논문,스탬핑 잔류응력을 고려한 헤밍 결함의 예측 - 논문,,,,2015,https://www.dbpia.co.kr/journal/articleDetail?nodeId=NODE06762413,www.dbpia.co.kr,상세페이지확인,ko,비주력,스탬핑 잔류응력; 헤밍; 결함 예측,"스탬핑 잔류응력을 고려해 도어·후드 등 차체 부품의 헤밍 결함을 예측한 논문 (한국소성가공학회, 2015)으로, 헤밍 결함 불량원인 자료로 활용 가능. 접근: 상세페이지확인(DBpia)."
PHA-CAND-0265,266,PHA,자동차 도어(도장 공정),공정(도장)·설비(도어 고정구),특허,KR100209861B1 - 자동차의 도장작업에 사용되는 도어 고정구,,,,,https://patents.google.com/patent/KR100209861B1/ko,patents.google.com,원문접근가능,ko,비주력,도장작업; 도어 고정구; 공정 설비,"공정별 별도 제작 도어 고정구를 통합해 제조원가를 절감하는 자동차 도장작업용 도어 고정구 특허(KR100209861B1) 로, 도어 도장 공정 설비 자료로 활용 가능. 접근: 원문접근가능."
PHA-CAND-0266,267,PHA,자동차 패널(헤밍),공정(헤밍 설계),논문,자동차 패널의 헤밍 공정 설계에 관한 연구 -소성∙가공,,,,2000,https://koreascience.kr/article/JAKO200011921159470.page?&lang=ko,koreascience.kr,상세페이지확인,ko,비주력,헤밍 공정; 패널 설계; 소성가공,"자동차 패널의 헤밍 공정 설계에 관한 연구 논문 (김권희, 고려대, 2000)으로, 도어 패널 헤밍 공정 설계의 기반 기술문헌에 해당. 접근: 상세페이지확인(KoreaScience)."
SL-CAND-0267,268,SL,헤드램프(광학 소자),설비(제조 장치)·공정,특허,에이테크솔루션(주),,,,,https://app.rndcircle.io/patent/019ad88f-9e28-7c04-87ac-6e79e1be180f?companyName=%EC%97%90%EC%9D%B4%ED%85%8C%ED%81%AC%EC%86%94%EB%A3%A8%EC%85%98(%EC%A3%BC),app.rndcircle.io,상세페이지확인,ko,주력,광학 소자; 제조 장치; 헤드램프,"자동차 헤드램프용 광학 소자 및 이의 제조 장치에 관한 기업 보유 특허 (에이테크솔루션)로, 램프 광학 소자 제조 설비 자료로 활용 가능. 접근: 상세페이지확인(특허 플랫폼)."
SL-CAND-0268,269,SL,램프 와이어 하네스,검사(회로·실링 검사)·설비,특허,자동차 램프용 와이어 하네스의 회로 및 실링 검사장치,,,,,https://patents.google.com/patent/KR102352213B1/ko,patents.google.com,원문접근가능,ko,준주력,와이어 하네스; 회로 검사; 실링 검사,"자동차 램프용 와이어 하네스의 회로 및 실링을 검사하는 검사장치 등록특허(KR102352213B1) 로, 램프 전장 검사 설비 자료로 활용 가능. 접근: 원문접근가능."
SL-CAND-0269,270,SL,자동차 램프(배광 검사),검사(배광 검사)·설비,특허,KR20130072751A - 배광 검사 장치 및 배광 검사 방법,,,,,https://patents.google.com/patent/KR20130072751A/ko,patents.google.com,원문접근가능,ko,주력,배광 검사; 조도센서; 법규 포인트,"법규 정하는 포인트 위치에 조도센서를 설치한 스크린 기반 배광 검사 장치 및 방법 특허 로, 램프 배광 검사 설비 자료로 활용 가능. 접근: 원문접근가능."
SL-CAND-0270,271,SL,램프 리플렉터,불량원인(내열성·반사부 구조),특허,[특허]자동차의 램프 장치,,,,,https://scienceon.kisti.re.kr/srch/selectPORSrchPatent.do?cn=KOR1020110122514,scienceon.kisti.re.kr,상세페이지확인,ko,주력,리플렉터; 내열성; 반사부 단차,"리플렉터 반사부를 단차없이 형성해 내열성을 향상하는 자동차의 램프 장치 특허 로, 램프 리플렉터 내열 구조 자료로 활용 가능. 접근: 상세페이지확인(ScienceON 특허)."
SL-CAND-0271,272,SL,헤드램프(EOL 검사),검사(EOL·배광 검사기)·설비,제조사 기술자료,Automotive 검사기 | 유원엘디에스(주),,,,,https://www.yoowonlds.com/kr/p/products-ecu-eol,www.yoowonlds.com,원문접근가능,ko,주력,EOL 검사기; 광특성; 배광 검사,"ECU·LDM EOL 검사기와 헤드램프 광특성·배광 검사기 등 자동차 전장 검사 장비를 소개하는 검사기 제조사 기술자료 (유원엘디에스)로, 램프 EOL 검사 설비 자료로 활용 가능. 접근: 원문접근가능(제조사 기술자료)."
SL-CAND-0272,273,SL,헤드램프(최종 검사),검사(양산 종합시험)·설비,제조사 기술자료,헤드라이트 full ass'y 양산용 배광검사기 HLT600,,,,,https://kr.otsukael.co.kr/hlt-full-assembly,kr.otsukael.co.kr,원문접근가능,ko,주력,배광검사기; 최종 검사; 양산 라인,"헤드램프 풀 어셈블리 양산 라인 최종 검사 공정용 종합시험 장비 HLT600을 소개하는 제조사 기술자료 로, 램프 최종 검사 설비 자료로 활용 가능. 접근: 원문접근가능(제조사 기술자료)."
SL-CAND-0273,274,SL,자동차 램프류(시험),검사(배광·색도·재귀반사)·설비,제조사 기술자료,광전자정밀 > 제품소개 > 배광기 페이지 입니다,,,,,http://www.withlight.com/product/index.php?gubun=all_view&large_id=2&middle_id=12,www.withlight.com,원문접근가능,ko,주력,배광분포; 색도; 재귀반사,"자동차 램프류·번호판등·후부반사판을 ECE·IEC·KS 국제규격에 따라 배광분포·색도·재귀반사 등을 시험하는 장비를 소개하는 제조사 기술자료 (광전자정밀)로, 램프 검사 설비 자료로 활용 가능. 접근: 원문접근가능(제조사 기술자료)."
SL-CAND-0274,275,SL,자동차 램프(품질관리),검사(배광시험·규격 판정),제조사 기술자료,신뢰성 센터 1 페이지,,,,,https://www.kumhoht.com/reliability?sca=LAMP+%ED%92%88%EC%A7%88%EA%B4%80%EB%A6%AC,www.kumhoht.com,원문접근가능,ko,주력,배광시험기; 품질관리; ECE·SAE 규격,"램프 제조사의 신뢰성 품질관리 페이지로 헤드램프·RCL·턴시그널 배광시험기와 ECE·SAE 규격 판정 내용을 수록 하고 있어, 램프 품질검사 자료로 활용 가능. 접근: 원문접근가능(제조사 기술자료)."
COMMON-CAND-0275,276,공통,자동차 부품 제조업,안전(위험성평가 사례),논문,위험성평가사례 - 자동차 부품 제조업 -The Safety technology,,,,2010,https://koreascience.kr/article/JAKO201045340585526.page,koreascience.kr,상세페이지확인,ko,공통,위험성평가; 부품 제조업; 안전관리,"자동차 부품 제조업의 위험성평가 사례를 다룬 논문 (김성용, 대한산업안전협회, 2010)으로, 부품 제조공정 안전관리 자료로 활용 가능. 접근: 상세페이지확인(KoreaScience)."
COMMON-CAND-0276,277,공통,자동차 제조(안전보건),안전(안전보건 실무),가이드,안전보건 실무길잡이 53 자동차제조업 2020-11-30,,,,2020,https://www.kosha.or.kr/ebook/fcatalog/include/practice_detail.jsp?ccate=02050C0000&sdir=444&cimg=,www.kosha.or.kr,상세페이지확인,ko,공통,실무길잡이; 안전보건; 자동차제조업,"자동차제조업 안전보건 실무길잡이(제53호)로 재해 보고·안전보건관리체제 등 실무 내용을 수록한 한국산업안전보건공단 가이드 로, 제조 안전관리 자료로 활용 가능. 접근: 상세페이지확인(공단 ebook)."
COMMON-CAND-0277,278,공통,사출성형기·프레스(금형 취급),안전(금형취급 안전작업),가이드,금형취급 안전작업,,,,,https://portal.kosha.or.kr/archive/cent-archive/master-arch/master-list4/master-detail4?medSeq=44816,portal.kosha.or.kr,상세페이지확인,ko,공통,금형취급; 안전작업; 체크리스트,"사출성형기·프레스 금형취급작업의 유해·위험요인, 안전작업 방법, 재해사례, 점검 체크리스트를 수록한 한국산업안전보건공단 교육자료 로, 금형 취급 안전 자료로 활용 가능. 접근: 상세페이지확인(공단 아카이브)."
SANGSIN-CAND-0278,279,상신브레이크,브레이크 마찰재,소재(산화 지르코늄 충전재),특허,KR102347391B1 - 마찰재,,,,,https://patents.google.com/patent/KR102347391B1/ko,patents.google.com,원문접근가능,ko,주력,산화 지르코늄; 피브릴화 유기섬유; 마찰재 조성,"단사정 산화 지르코늄 5~25질량%와 피브릴화 유기 섬유를 함유한 마찰재 등록특허(KR102347391B1) 로, 마찰재 무기 충전재 조성 자료로 활용 가능. 접근: 원문접근가능."
SANGSIN-CAND-0279,280,상신브레이크,브레이크 마찰재,소재(무기 충전재)·공정,특허,마찰재 조성물 및 이를 이용한 마찰재 및 마찰 부재,,,2017-12-20,2017,https://patents.google.com/patent/KR20170140152A/ko,patents.google.com,원문접근가능,ko,주력,산화지르코늄; 티탄산염; 금속황화물,"산화지르코늄·티탄산염·산화마그네슘·금속황화물을 무기 충전재로 사용하는 마찰재 조성물 및 마찰 부재 특허 로, 마찰재 무기 충전재 설계 자료로 활용 가능. 접근: 원문접근가능."
SANGSIN-CAND-0280,281,상신브레이크,브레이크 마찰재(NAO),불량원인(녹고착 방지)·소재(pH 조정재),특허,(19) 대한민국특허청(KR) (12) 공개특허공보(A),,,,,https://patentimages.storage.googleapis.com/60/47/67/8c14ae2888314e/KR20180032598A.pdf,patentimages.storage.googleapis.com,원문접근가능,ko,주력,NAO 마찰재; 녹고착 방지; pH 조정재,"pH 조정재(탄산나트륨·수산화칼슘 등)로 녹고착을 방지하는 NAO 마찰재 공개특허(KR20180032598A) 로, 패드 녹고착(부식 불량원인) 대책 자료로 활용 가능. 접근: 원문접근가능(공개특허공보 PDF)."
SANGSIN-CAND-0281,282,상신브레이크,브레이크 디스크(DIH),불량원인(디스크 구조),특허,(19) 대한민국특허청(KR) (12) 공개특허공보(A),,,,2010,https://patentimages.storage.googleapis.com/2d/51/f5/b1b301cc15abcc/KR20100035258A.pdf,patentimages.storage.googleapis.com,원문접근가능,ko,비주력,DIH 구조; 디스크 로터; 주차 브레이크,"주차 브레이크용 드럼과 디스크 로터가 일체로 형성된 DIH 구조 브레이크 디스크 공개특허(10-2010-0035258) 로, 디스크 로터 구조 자료로 활용 가능. 접근: 원문접근가능(공개특허공보 PDF)."
SANGSIN-CAND-0282,283,상신브레이크,브레이크 디스크·드럼,소재(부식방지 래커)·불량원인(부식),특허,브레이크 디스크 및/또는 브레이크 드럼의 표면의 제동면을 ...,,,,,https://patents.google.com/patent/KR100598318B1/ko,patents.google.com,원문접근가능,ko,비주력,방식코팅; 부식방지 래커; 제동면,"브레이크 디스크·드럼 제동면의 부식을 방지하는 방식코팅 래커 및 그 제거 방법 특허(KR100598318B1) 로, 디스크 녹(부식) 방지 소재 자료로 활용 가능. 접근: 원문접근가능."
SANGSIN-CAND-0283,284,상신브레이크,브레이크 디스크 로터,소재(내구·내마모),특허,공개특허 10-2025-0084437,,,,2025,https://static.rndcircle.io/patent/public-full-text/1764371878961_anonymous_8e502bf5-2621-42c4-bcdb-f0be8a8583f0_1020230173070.pdf,static.rndcircle.io,원문접근가능,ko,비주력,디스크 로터; 내구성; 내마모성,"내구성·내마모성이 높은 차량용 브레이크 디스크 로터에 관한 공개특허(10-2025-0084437) 로, 디스크 로터 내구 소재 자료로 활용 가능. 접근: 원문접근가능(공개특허공보 PDF)."
SANGSIN-CAND-0284,285,상신브레이크,브레이크 마찰재,소재(조성물)·공정(가열·가압 성형),특허,마찰재 - KR20120107860A,,,,,https://patents.google.com/patent/KR20120107860A/ko,patents.google.com,원문접근가능,ko,주력,가열 가압 성형; 마찰재 조성물; 열성형,"마찰재 조성물을 가열·가압 성형해 제조하는 마찰재 관련 공개특허(KR20120107860A) 로, 마찰재 조성·성형 공정 자료로 활용 가능. 접근: 원문접근가능."
SL-CAND-0285,286,SL,헤드램프(접착제),소재(우레탄 핫멜트)·공정(접착),연구보고서,"자동차 해드램프용 우레탄 핫멜트 (수분경화, 2액형), ...",,,,,https://www.reseat.or.kr/portal/cmmn/file/fileDown.do?menuNo=200143&atchFileId=f9ac7798f4fd4a5ca4319e4723f7bdac&fileSn=1,www.reseat.or.kr,원문접근가능,ko,주력,우레탄 핫멜트; 수분경화; 접착제,"자동차 헤드램프용 우레탄 핫멜트(수분경화·2액형) 접착제 관련 조성 탐색특허 자료 (KISTI reseat)로, 램프 하우징-렌즈 접착 소재 자료로 활용 가능. 접근: 원문접근가능(PDF)."
SL-CAND-0286,287,SL,램프 렌즈(조립),공정(렌즈 조립 구조),특허,KR950014833U - 자동차용 램프의 렌즈 조립 구조,,,,,https://patents.google.com/patent/KR950014833U/ko,patents.google.com,원문접근가능,ko,주력,렌즈 조립; 실용신안; 램프 고정구조,"자동차용 램프의 렌즈 조립 구조에 관한 실용신안 등록특허(KR950014833U) 로, 램프 렌즈 조립 구조 자료로 활용 가능. 접근: 원문접근가능."
PHA-CAND-0287,288,PHA,자동차 도어(개폐 시험),검사(개폐 내구 시험)·설비,특허,KR101395323B1 - 도어 개폐 시험기,,,,,https://patents.google.com/patent/KR101395323B1/ko,patents.google.com,원문접근가능,ko,주력,도어 개폐 시험기; 내구 시험; 실제 모사,"실제 상황에 근접하게 도어 개폐 동작을 모사해 정확한 내구 시험을 수행하는 도어 개폐 시험기 등록특허(KR101395323B1) 로, 도어 내구 시험 설비 자료로 활용 가능. 접근: 원문접근가능."
PHA-CAND-0288,289,PHA,미닫이형 도어(내구 시험),검사(개폐 내구 시험)·설비,특허,KR0154057B1 - 자동차의 미닫이형 도어 개폐 내구 시험기,,,,,https://patents.google.com/patent/KR0154057B1/ko,patents.google.com,원문접근가능,ko,주력,미닫이형 도어; 개구 시험; 내구 시험기,"신차 개발 시 미닫이형 도어 개구 시험으로 문제점을 조기 발견하는 도어 개폐 내구 시험기 특허(KR0154057B1) 로, 도어 내구 시험 설비 자료로 활용 가능. 접근: 원문접근가능."
PHA-CAND-0289,290,PHA,도어(개폐 내구시험기),검사(내구 시험)·설비,제조사 기술자료,도어 개폐 내구시험기 - 진솔이엔지,,,,,https://jinsol.re.kr/bbs/content.php?co_id=EQP_T13,jinsol.re.kr,원문접근가능,ko,주력,내구시험기; 닫힘 속도; 100만회,"닫힘 순간 속도 1.6m/s·가속도 16g·최대 100만회 시험 성능의 도어 개폐 내구시험기 사양을 수록한 시험장비 제조사 기술자료 (진솔이엔지)로, 도어 내구 시험 설비 자료로 활용 가능. 접근: 원문접근가능(제조사 기술자료)."
PHA-CAND-0290,291,PHA,도어(개폐내구·처짐 시험),검사(내구·처짐 시험 기준)·설비,제조사 기술자료,시험평가>연구분야>R&D센터>제품소개 | 국문,,,,,https://www.swhitech.com/kr/?pCode=test,www.swhitech.com,원문접근가능,ko,주력,개폐내구 시험기; 처짐 시험; 체커 작동력,"택시사양 15만회 등 사양별 내구시험 조건과 시험 후 핸들·체커 작동력·이음·처짐 요구사항을 수록한 도어 개폐내구/처짐 시험기 제조사 기술자료 로, 도어 내구 검사 기준 자료로 활용 가능. 접근: 원문접근가능(제조사 기술자료)."
PHA-CAND-0291,292,PHA,도어(범용 내구시험기),검사(범용 내구 시험)·설비,제조사 기술자료,도어개폐내구시험기 - 모빅테크놀러지,,,,,http://mobiq.co.kr/waket01/product/c_01.php?com_board_basic=read_form&com_board_idx=36&&com_board_search_code=&com_board_search_value1=&com_board_search_value2=&com_board_page=3&&com_board_id=4&&com_board_id=4,mobiq.co.kr,원문접근가능,ko,주력,범용 시험기; 전 차종; 도어 내구,"소형 경차부터 중형 SUV까지 전 차종 도어를 별도 지그 없이 시험하는 범용 도어 개폐 내구시험기 사양을 수록한 제조사 기술자료 (모빅테크놀러지)로, 도어 내구 시험 설비 자료로 활용 가능. 접근: 원문접근가능(제조사 기술자료)."
PHA-CAND-0292,293,PHA,도어 스트라이커(마운팅),공정(마운팅 장착),특허,KR101428268B1 - 자동차의 도어 스트라이커 마운팅 장치,,,,,https://patents.google.com/patent/KR101428268B1/ko,patents.google.com,원문접근가능,ko,주력,스트라이커; 마운팅 플레이트; 센터필라,"차체 센터필라 측 도어 스트라이커를 마운팅 플레이트로 고정하는 자동차의 도어 스트라이커 마운팅 장치 등록특허(KR101428268B1) 로, 스트라이커 장착 구조 자료로 활용 가능. 접근: 원문접근가능."
PHA-CAND-0293,294,PHA,도어 체커,불량원인(이물질 유입 방지),특허,KR20070033769A - 자동차의 도어 체커,,,,,https://patents.google.com/patent/KR20070033769A/ko,patents.google.com,원문접근가능,ko,주력,체커 암; 이물질; 도어 체커,"체커 암 굴곡부의 외부 노출로 인한 이물질 유입 문제를 개선하는 자동차의 도어 체커 특허 로, 체커 이물질(불량원인) 대책 자료로 활용 가능. 접근: 원문접근가능."
PHA-CAND-0294,295,PHA,도어 힌지(체커 일체형),불량원인(체커 일체형 구조),특허,KR101209792B1 - 도어 체커 일체형 도어 힌지 장치,,,,,https://patents.google.com/patent/KR101209792B1/ko,patents.google.com,원문접근가능,ko,주력,체커 일체형; 도어 힌지; 조립 구성,"체커수단을 도어 힌지와 일체로 조립 구성한 도어 체커 일체형 도어 힌지 장치 등록특허(KR101209792B1) 로, 힌지·체커 일체형 구조 자료로 활용 가능. 접근: 원문접근가능."
PHA-CAND-0295,296,PHA,도어 힌지(체커 내장),불량원인(체커 기능 내장),특허,KR101827145B1 - 도어 체커 일체형 도어 힌지 장치,,,,,https://patents.google.com/patent/KR101827145B1/ko,patents.google.com,원문접근가능,ko,주력,체커 내장; 도어 힌지; 일체형,"자동차 바디와 도어 사이의 도어 힌지에 체커 기능을 내장한 도어 체커 일체형 도어 힌지 장치 등록특허(KR101827145B1) 로, 힌지·체커 일체형 구조 자료로 활용 가능. 접근: 원문접근가능."
PHA-CAND-0296,297,PHA,도어체커(힌지 일체형),불량원인(오버오픈 방지),특허,힌지 일체형 도어체커 | 특허,,,,,https://k-knowledge.kr/srch/read.jsp?id=169822333,k-knowledge.kr,상세페이지확인,ko,주력,힌지 일체형; 도어체커; 오버오픈,"힌지에 도어가 모두 열린 상태에서 닫힘을 방지하는 도어체커 기능을 부여한 힌지 일체형 도어체커 특허 로, 힌지·체커 일체형 구조 자료로 활용 가능. 접근: 상세페이지확인(통합기술플랫폼)."
PHA-CAND-0297,298,PHA,도어 힌지·체커(윤활),공정(윤활 그리스 규격),제조사 기술자료,그리스 윤활,,,,,https://ownersmanual.hyundai.com/full_webhelp/qv/2026/ko_kr/topic_nc5_cls_s3c.html,ownersmanual.hyundai.com,원문접근가능,ko,주력,그리스 윤활; LIG-1; 리튬 EP 그리스,"도어 힌지·체커 및 잠금장치 힌지부에 LIG-1, 브레이크 어셈블리에 리튬 EP 그리스(NLGI 2) 등 윤활 그리스 규격을 명시한 현대자동차 정비 기술문서 로, 부품 윤활 관리 자료로 활용 가능. 접근: 원문접근가능(제조사 기술자료)."
COMMON-CAND-0298,299,공통,자동차 부품(검사 지그),검사(범용 지그)·설비,특허,KR100960039B1 - 자동차 부품 검사용 범용 지그 및 ...,,,,,https://patents.google.com/patent/KR100960039B1/ko,patents.google.com,원문접근가능,ko,공통,범용 지그; 클램핑; 부품 검사,"베이스 어셈블리·높이조절기둥·지지체·클램핑부재로 구성된 자동차 부품 검사용 범용 지그 등록특허(KR100960039B1) 로, 부품 검사 지그(치공구) 자료로 활용 가능. 접근: 원문접근가능."
COMMON-CAND-0299,300,공통,차량부품(검사 지그),검사(다종 지그장치)·설비,특허,[특허]다종의 차량부품 검사용 지그장치,,,,,https://scienceon.kisti.re.kr/srch/selectPORSrchPatent.do?cn=KOR1020220054604,scienceon.kisti.re.kr,상세페이지확인,ko,공통,다종 지그; 정반재; 차량부품 검사,"정반재 테두리를 감싼 제1·제2 베이스로 다종의 차량부품을 검사하는 지그장치 특허 로, 부품 검사 지그 자료로 활용 가능. 접근: 상세페이지확인(ScienceON 특허)."
COMMON-CAND-0300,301,공통,차량부품(가공 지그),공정(가공용 지그)·설비,특허,차량부품 가공용 지그 | 특허,,,,,https://k-knowledge.kr/srch/read.jsp?id=173058686,k-knowledge.kr,상세페이지확인,ko,공통,가공용 지그; 부품 고정; 다수 가공,"차량 부속품 가공 시 부품을 안정적으로 고정하고 다수 개를 동시 가공할 수 있는 차량부품 가공용 지그 고안 특허 로, 부품 가공 치공구 자료로 활용 가능. 접근: 상세페이지확인(통합기술플랫폼)."
